Mental Model,Category,Subcategory,Type,Key Application,Description,Sources
"10,000 Hour Rule",Skill Development,Deliberate Practice,Learning Principle,,"Approximately 10,000 hours of deliberate practice needed to achieve mastery",99 Mental Models; Angela Duckworth (Grit); Malcolm Gladwell; Malcolm Gladwell (Outliers); Outliers
100+ mental models (contains Parrish Vol 1 + extensive additional models),Comprehensive Reference,Master Database,Reference Database,,,Farnam Street; fs.blog
100+ mental models organized by discipline,Comprehensive Reference,Main Database,Reference Source,,,Farnam Street
1% Rule,Comprehensive List,General,Mental Model,,,99 Mental Models
2×2 Matrix Diagram,Comprehensive List,General,Mental Model,,,80 Useful Mental Models
5 Whys,Key Concepts,Foundational Thinking,Framework,,,Gabriel Weinberg & Lauren McCann; SuperThinking; SuperThinking (Weinberg/McCann)
5 Whys Principle,Problem Analysis,,Problem-Solving Method,,Drill down to root cause,Clear Thinking; SuperThinking
90+ mental models across disciplines,Comprehensive Reference,Curated List,Curated Reference,,,Sloww; sloww.co
99 additional mental models available,Comprehensive Reference,By Rolf Dobelli,Reference Source,,,The Art of Thinking Clearly
99 distinct cognitive biases and thinking errors (separate comprehensive source),Cognitive Biases,Reference,Bias Collection,,,Rolf Dobelli; The Art of Thinking Clearly
Abilene Paradox,Comprehensive,General,Mental Model,,,99 Mental Models; 99 Mental Models Site; 99mentalmodels.com
Ability,Behavior Change,Habit Formation,Behavioral Framework,,,BJ Fogg; Tiny Habits
Ability to Raise Prices,Business & Entrepreneurship,Business Models,Business Model,,,Kevin Espiritu; Mental Models for Business
Accountability Mirror,Self-Assessment,,Self-Improvement Tool,,Face unvarnished truth of current situation to drive change,David Goggins (Can't Hurt Me)
Activation Energy,"Physics, Chemistry, Biology",Chemistry,Chemistry Principle,,Minimum energy required to initiate a process; applies to behavior change,Behavior Science; Chemistry; Great Mental Models Vol 2; Shane Parrish; Shane Parrish (TGMM Vol 2); Shane Parrish Vol 2; SuperThinking
Activation Energy & Catalyst,Key Concepts,System & Natural Dynamics,System Concept,,,Gabriel Weinberg & Lauren McCann; SuperThinking; SuperThinking (Weinberg/McCann)
Active Listening,Comprehensive,General,Mental Model,,,80 Useful Mental Models; 80 Useful Mental Models Blog; hptbydts.com
Ad Hominem Attack,Comprehensive List,General,Mental Model,,,80 Useful Mental Models
Adverse Selection,Economics and Art,Economics,Economic Principle,,Information imbalance worst,Great Mental Models Vol 4; Shane Parrish; Shane Parrish Vol 4
Agricultural Revolution,Historical Turning Points,Social Organization,Historical Framework,,"Shift from hunting-gathering to farming, creating permanent settlements and hierarchies",Sapiens; Yuval Noah Harari; Yuval Noah Harari (Sapiens)
Algorithm-Based Decision Making,Business & Life,Decision Making,Decision Framework,,,Principles; Ray Dalio
Algorithm-Based Decisions,Decisions,Algorithms,Decision Framework,,,Principles; Ray Dalio
Algorithms,Systems and Mathematics,Systems,System Concept,,Methodical decision-making steps,Great Mental Models Vol 3; Shane Parrish; Shane Parrish Vol 3
Alloying,"Physics, Chemistry, Biology",Chemistry,Chemistry Principle,,Combine elements for enhanced properties,Great Mental Models Vol 2; Shane Parrish; Shane Parrish Vol 2
Amygdala Hijack,Comprehensive List,General,Mental Model,,,99 Mental Models
Anchor Effect,Comprehensive,General,Mental Model,,,99 Mental Models; 99 Mental Models Site; 99mentalmodels.com
Anchoring,"Biases, Fallacies & Effects",Behavioral & Social,Bias/Effect,,,Gabriel Weinberg & Lauren McCann; SuperThinking; SuperThinking (Weinberg/McCann)
Anchoring Bias,Cognitive Bias,Reference Points,Cognitive Bias,,Over-relying on first information received as reference point for decisions,"Daniel Kahneman; Daniel Kahneman (Thinking, Fast and Slow); SuperThinking; Thinking, Fast and Slow"
Anecdotal Evidence vs. Empirical Evidence,Comprehensive List,General,Mental Model,,,80 Useful Mental Models
Antifragile,Key Concepts,Foundational Thinking,Resilience Framework,,"Systems that benefit from disorder, volatility, and stress",Black Swan / Antifragile; Black Swan / Antifragile / Fooled by Randomness; Gabriel Weinberg & Lauren McCann; Nassim Taleb; Nassim Taleb (Antifragile); Shane Parrish; SuperThinking; SuperThinking (Weinberg/McCann)
Antifragile Systems,System Design,Resilience,Framework,,,Antifragile; Nassim Taleb
Apophenia,Comprehensive List,General,Mental Model,,,99 Mental Models
Assumptions Hacking,Assumptions,Constraints,Decision Framework,,,Ozan Varol; Think Like a Rocket Scientist
Asymmetric Information,Economics and Art,Economics,Economic Principle,,"When one party has more info than other, market efficiency decreases",Behavioral Economics; Great Mental Models Vol 4; Shane Parrish; Shane Parrish (TGMM Vol 4); Shane Parrish Vol 4
Atomic Habits,Behavior Change,Behavior Design,Behavioral Framework,,Tiny 1% improvements compound into remarkable results over time,Atomic Habits; James Clear; James Clear (Atomic Habits)
Atomic Habits Framework,Habits,System Design,Behavioral Model,,,Atomic Habits; James Clear
Attain Distance Before Deciding,Distance,Perspective Taking,Decision Framework,,,Chip & Dan Heath; Decisive
Audience,Economics and Art,Art,Art Concept,,Who receives interprets,Great Mental Models Vol 4; Shane Parrish; Shane Parrish Vol 4
Authority,"Biases, Fallacies & Effects",Influence Principles,Influence Principle,,,Gabriel Weinberg & Lauren McCann; SuperThinking; SuperThinking (Weinberg/McCann)
Authority Bias,Comprehensive List,General,Mental Model,,,99 Mental Models
Authority Support,Conflict & Psychology,Social Dynamics,Conflict Framework,,,Amanda Ripley; High Conflict
Availability Bias,"Biases, Fallacies & Effects",Selection & Data Biases,Bias,,,Gabriel Weinberg & Lauren McCann; SuperThinking; SuperThinking (Weinberg/McCann)
Availability Heuristic,Cognitive Bias,Accessibility,Cognitive Bias,,Overestimating the probability of events that easily come to mind,"99 Mental Models; Daniel Kahneman; Daniel Kahneman (Thinking, Fast and Slow); SuperThinking; Thinking, Fast and Slow"
Babel Problem,Comprehensive List,General,Mental Model,,,99 Mental Models
Backfire Effect,"Biases, Fallacies & Effects",Behavioral & Social,Bias/Effect,,,Gabriel Weinberg & Lauren McCann; SuperThinking; SuperThinking (Weinberg/McCann)
Bandwagon Effect,"Biases, Fallacies & Effects",Behavioral & Social,Bias/Effect,,,Gabriel Weinberg & Lauren McCann; SuperThinking; SuperThinking (Weinberg/McCann)
Barbell Portfolio Strategy,Risk & Uncertainty,Portfolio Strategy,Investment Model,,,Black Swan / Antifragile; Black Swan / Antifragile / Fooled by Randomness; Nassim Taleb
Barbell Strategy,Risk Management,Portfolio Design,Portfolio Strategy,,Combine conservative core with aggressive bets to limit downside while enabling upside,Antifragile; Investment Strategy; Nassim Taleb; Nassim Taleb (Antifragile)
Base Rate Fallacy,"Biases, Fallacies & Effects",Reasoning Fallacies,Reasoning Bias,,Ignoring base rate when making probabilistic judgments,99 Mental Models; Gabriel Weinberg & Lauren McCann; Probability Theory; SuperThinking; SuperThinking (Weinberg/McCann)
Behavior Design,Behavior Change,Habit Formation,Behavioral Framework,,,BJ Fogg; Tiny Habits
Behavior > Knowledge,Finance,Behavior,Behavioral Model,,,Morgan Housel; Psychology of Money
Behavior Matters More Than Knowledge,Finance & Behavior,Investment Psychology,Behavioral Model,,,Morgan Housel; Psychology of Money; The Psychology of Money
Bell Curve,Comprehensive List,General,Mental Model,,,99 Mental Models
Bias,Comprehensive,General,Mental Model,,,80 Useful Mental Models; 80 Useful Mental Models Blog; hptbydts.com
Big Five Personality Traits,Comprehensive,General,Mental Model,,,80 Useful Mental Models; 80 Useful Mental Models Blog; hptbydts.com
Bike-Shedding,Key Concepts,Foundational Thinking,Framework,,,Gabriel Weinberg & Lauren McCann; SuperThinking; SuperThinking (Weinberg/McCann)
Birth Lottery,Key Concepts,Foundational Thinking,Framework,,,Gabriel Weinberg & Lauren McCann; SuperThinking; SuperThinking (Weinberg/McCann)
Black-and-White Fallacy,"Biases, Fallacies & Effects",Reasoning Fallacies,Fallacy,,,Gabriel Weinberg & Lauren McCann; SuperThinking; SuperThinking (Weinberg/McCann)
Black and White Thinking,Comprehensive List,General,Mental Model,,,80 Useful Mental Models
Black Swan,Probability & Risk,Probability,Risk Framework,,Highly improbable events with massive impact that seem predictable only in hindsight,99 Mental Models; 99 Mental Models Site; 99mentalmodels.com; Black Swan / Antifragile; Black Swan / Antifragile / Fooled by Randomness; Nassim Taleb; Nassim Taleb (Black Swan); SuperThinking
Black Swan Events,Key Concepts,Reasoning & Thinking Models,Reasoning Model,,,Gabriel Weinberg & Lauren McCann; SuperThinking; SuperThinking (Weinberg/McCann)
Black Swan Theory,Risk & Probability,Rare Events,Risk Framework,,,Black Swan; Nassim Taleb
Boiling Frog,Key Concepts,Foundational Thinking,Change Pattern,,"Slow, incremental changes go unnoticed until too late",99 Mental Models; Gabriel Weinberg & Lauren McCann; SuperThinking; SuperThinking (Weinberg/McCann)
Boiling Frog Syndrome,Comprehensive List,General,Mental Model,,,99 Mental Models
Bottlenecks,Systems and Mathematics,Systems,System Concept,,The slowest part of a system determines overall output,Great Mental Models Vol 3; Operations Management; Shane Parrish; Shane Parrish (TGMM Vol 3); Shane Parrish Vol 3
Brain Plasticity,Comprehensive List,General,Mental Model,,,99 Mental Models
Brand,Business & Entrepreneurship,Business Models,Business Model,,,Kevin Espiritu; Mental Models for Business
BRAVING Framework,Trust,Building,Leadership Framework,,,Brené Brown; Dare to Lead
BRAVING Framework for Trust,Trust & Relationships,Trust Building,Relationship Framework,,"Boundaries, Reliability, Accountability, Vault, Integrity, Non-judgment, Generosity",Brené Brown; Brené Brown (Dare to Lead); Dare to Lead
Bridging the Divide Between Systems,Business & Life,Systems & Decision-Making,Principle,,,Principles; Ray Dalio
Broken Windows Theory,Key Concepts,Reasoning & Thinking Models,Reasoning Model,,,Gabriel Weinberg & Lauren McCann; SuperThinking; SuperThinking (Weinberg/McCann)
Broken Window Theory,Comprehensive List,General,Mental Model,,,99 Mental Models
Butterfly Effect,Comprehensive,General,Mental Model,,,99 Mental Models; 99 Mental Models Site; 99mentalmodels.com
Bystander Effect,"Biases, Fallacies & Effects",Behavioral & Social,Bias/Effect,,,Gabriel Weinberg & Lauren McCann; SuperThinking; SuperThinking (Weinberg/McCann)
Cash Flow Quadrant,Comprehensive,General,Mental Model,,,80 Useful Mental Models; 80 Useful Mental Models Blog; hptbydts.com
Catalysts,"Physics, Chemistry, Biology",Chemistry,Chemistry Principle,,Elements that accelerate change without being consumed in the process,Chemistry; Great Mental Models Vol 2; Shane Parrish; Shane Parrish (TGMM Vol 2); Shane Parrish Vol 2; SuperThinking
Categorical Imperative,Comprehensive List,General,Mental Model,,,80 Useful Mental Models
Challenge Extrovert Ideal,Work Environment,Culture,Organizational Model,,,Quiet; Susan Cain
Chaos Dynamics,Systems and Mathematics,Supporting Ideas,System Theory,,Small changes large effects,Great Mental Models Vol 3; Shane Parrish; Shane Parrish Vol 3
Character,Economics and Art,Art,Narrative Concept,,Personalities drive perspective,Great Mental Models Vol 4; Shane Parrish; Shane Parrish Vol 4
Chicken-and-Egg Problem,Comprehensive List,General,Mental Model,,,99 Mental Models
Chilling Effect,"Biases, Fallacies & Effects",Behavioral & Social,Bias/Effect,,,Gabriel Weinberg & Lauren McCann; SuperThinking; SuperThinking (Weinberg/McCann)
Choice Architecture,Design & Behavior,Decision Context,Design Framework,,How choices are presented shapes which option people select,Behavioral Economics; Cass Sunstein & Richard Thaler; Cass Sunstein & Richard Thaler (Nudge); Nudge
Chunking Technique,Comprehensive List,General,Mental Model,,,99 Mental Models
Churn,Systems and Mathematics,Systems,System Concept,,Ongoing replacement components,Great Mental Models Vol 3; Shane Parrish; Shane Parrish Vol 3
Circle of Competence,General Thinking Concepts,Fundamental Frameworks,Framework,,Operate only within your area of genuine expertise to avoid costly mistakes,Charlie Munger; Charlie Munger (Poor Charlie's Almanack); Gabriel Weinberg & Lauren McCann; Great Mental Models Vol 1; Poor Charlie's Almanack; Shane Parrish; Shane Parrish (TGMM Vol 1); Shane Parrish Vol 1; SuperThinking; SuperThinking (Weinberg/McCann)
Circle of Influence vs. Circle of Concern,Comprehensive List,General,Mental Model,,,99 Mental Models
Clustering Illusion,"Biases, Fallacies & Effects",Reasoning Fallacies,Fallacy,,,Gabriel Weinberg & Lauren McCann; SuperThinking; SuperThinking (Weinberg/McCann)
Cobra Effect,"Biases, Fallacies & Effects",Behavioral & Social,Problem Model,,Attempted solution creates worse version of original problem,99 Mental Models; Gabriel Weinberg & Lauren McCann; SuperThinking; SuperThinking (Weinberg/McCann)
Cognitive Dissonance,"Biases, Fallacies & Effects",Behavioral & Social,Bias/Effect,,,Gabriel Weinberg & Lauren McCann; SuperThinking; SuperThinking (Weinberg/McCann)
Cognitive Revolution,Human Evolution,Historical Events,Historical Framework,,Development of abstract thinking and language enabling humans to dominate,Sapiens; Yuval Noah Harari; Yuval Noah Harari (Sapiens)
Commitment,"Biases, Fallacies & Effects",Influence Principles,Influence Principle,,,Gabriel Weinberg & Lauren McCann; SuperThinking; SuperThinking (Weinberg/McCann)
Comparative Advantage,Economics and Art,Economics,Economic Principle,,Relative efficiency determines,Great Mental Models Vol 4; Shane Parrish; Shane Parrish Vol 4
Complete Narrative from Incomplete Information,Finance & Psychology,Financial Behavior,Behavioral Model,,,Morgan Housel; The Psychology of Money
Complex Adaptive Systems,Systems and Mathematics,Supporting Ideas,System Theory,,Many interacting parts adapt,Great Mental Models Vol 3; Shane Parrish; Shane Parrish Vol 3
Compound Effect of Small Changes,Habit Formation,Behavior Design,Habit Model,,,Atomic Habits; James Clear
Compounding,Systems and Mathematics,Mathematics,Mathematical Principle,,"Small, consistent gains multiply exponentially over long periods",Great Mental Models Vol 3; James Clear; James Clear (Atomic Habits); Morgan Housel; Morgan Housel (Psychology of Money); Shane Parrish; Shane Parrish (TGMM Vol 3); Shane Parrish Vol 3
Compound Interest,Comprehensive,General,Mental Model,,,99 Mental Models; 99 Mental Models Site; 99mentalmodels.com
Confirmation Bias,"Biases, Fallacies & Effects",Belief & Judgment Biases,Cognitive Bias,,Seeking and favoring information that confirms pre-existing beliefs,Cognitive Science; Daniel Kahneman; Gabriel Weinberg & Lauren McCann; SuperThinking; SuperThinking (Weinberg/McCann)
Confirmation Bias in Decisions,Decision Making,Decision Framework,Decision Model,,,Chip & Dan Heath; Decisive
Confounding Factor,"Biases, Fallacies & Effects",Reasoning Fallacies,Fallacy,,,Gabriel Weinberg & Lauren McCann; SuperThinking; SuperThinking (Weinberg/McCann)
Conjunction Fallacy,"Biases, Fallacies & Effects",Reasoning Fallacies,Fallacy,,,Gabriel Weinberg & Lauren McCann; SuperThinking; SuperThinking (Weinberg/McCann)
Conscious Learning,Learning & Growth,Learning Framework,Learning Model,,,Josh Waitzkin; The Art of Learning
Contact Theory,Conflict & Psychology,Social Dynamics,Conflict Framework,,,Amanda Ripley; High Conflict
Contact Theory for Conflict,Resolution,Reconciliation,Social Framework,,,Amanda Ripley; High Conflict
Contact Theory for Reducing Conflict,Conflict Resolution,Connection,Social Framework,,,Amanda Ripley; High Conflict
Context,Economics and Art,Art,Art Concept,,Circumstances of creation,Great Mental Models Vol 4; Shane Parrish; Shane Parrish Vol 4
Context + IDEALS Framework,Additional Frameworks,Decision Making,Framework,,,Cross-Source
Contrast Effect,Comprehensive List,General,Mental Model,,,99 Mental Models
Control Group / Randomised Control Trial,Comprehensive,General,Mental Model,,,80 Useful Mental Models; 80 Useful Mental Models Blog; hptbydts.com
Convergent Thinking,Key Concepts,Reasoning & Thinking Models,Reasoning Model,,,Gabriel Weinberg & Lauren McCann; SuperThinking; SuperThinking (Weinberg/McCann)
Convex Payoff,Economics,Payoff Structures,Risk Model,,,Antifragile; Black Swan / Antifragile; Black Swan / Antifragile / Fooled by Randomness; Nassim Taleb
Cooperation,"Physics, Chemistry, Biology",Biology,Social Principle,,Working together multiplies success,Great Mental Models Vol 2; Shane Parrish; Shane Parrish Vol 2
Correlation does not imply causation,Key Concepts,Reasoning & Thinking Models,Reasoning Model,,,Gabriel Weinberg & Lauren McCann; SuperThinking; SuperThinking (Weinberg/McCann)
Correlation Doesn't Imply Causation,Comprehensive List,General,Mental Model,,,80 Useful Mental Models
Cost,Business & Entrepreneurship,Business Models,Business Model,,,Kevin Espiritu; Mental Models for Business
Cost-Benefit Analysis,Comprehensive List,General,Mental Model,,,80 Useful Mental Models
Counterfactual Thinking,Key Concepts,Reasoning & Thinking Models,Reasoning Model,,,Gabriel Weinberg & Lauren McCann; SuperThinking; SuperThinking (Weinberg/McCann)
Creating the Space Between Stimulus and Response,Decision Making & Psychology,Key Principles,Principle,,Pause before react,Clear Thinking; Shane Parrish; Shane Parrish: Clear Thinking
Creative Destruction,Economics and Art,Economics,Economic Theory,,Process of disruptive innovation destroys old to create new value,Great Mental Models Vol 4; Schumpeter; Shane Parrish; Shane Parrish (TGMM Vol 4); Shane Parrish Vol 4
Critical Mass,Systems and Mathematics,Systems,System Concept,,Minimum threshold needed for system to become self-sustaining,Great Mental Models Vol 3; Malcolm Gladwell; Shane Parrish; Shane Parrish (TGMM Vol 3); Shane Parrish Vol 3; SuperThinking
Critical Mass & Chain Reaction,Key Concepts,System & Natural Dynamics,System Concept,,,Gabriel Weinberg & Lauren McCann; SuperThinking; SuperThinking (Weinberg/McCann)
Critical Mass / Tipping Point,Comprehensive List,General,Mental Model,,,80 Useful Mental Models
Critical Thinking,Comprehensive List,General,Mental Model,,,80 Useful Mental Models
Cultural Legacy,Success Patterns,Cultural Context,Success Model,,,Malcolm Gladwell; Outliers
Cumulative Advantage,Success Patterns,Advantage Stacking,Success Framework,,Small advantages compound over time to create massive differences in outcomes,Malcolm Gladwell; Malcolm Gladwell (Outliers); Outliers
Curiosity Gap,Comprehensive List,General,Mental Model,,,99 Mental Models
Dark Patterns,Key Concepts,Reasoning & Thinking Models,Reasoning Model,,,Gabriel Weinberg & Lauren McCann; SuperThinking; SuperThinking (Weinberg/McCann)
Dataism,Future Worldviews,Data Age,Philosophical Framework,,Information flow itself becomes the most important thing; humans become data points,Homo Deus; Yuval Noah Harari; Yuval Noah Harari (Homo Deus)
Decentralized Decision Making,Systems & Complexity,Process Management,Process Framework,,,Atul Gawande; The Checklist Manifesto
Decision Fatigue,Key Concepts,Foundational Thinking,Framework,,,Gabriel Weinberg & Lauren McCann; SuperThinking; SuperThinking (Weinberg/McCann)
Decision Matrix,Comprehensive List,General,Mental Model,,,80 Useful Mental Models
Decision Quality vs Outcome Quality,Decision Making,Quality Decisions,Decision Model,,,Annie Duke; Thinking in Bets
Decision Tree,Comprehensive List,General,Mental Model,,,80 Useful Mental Models
Decision Trees,Business & Entrepreneurship,Business Models,Business Model,,,Kevin Espiritu; Mental Models for Business
Deep Principles Over Specific Techniques,Learning & Growth,Learning Framework,Learning Model,,,Josh Waitzkin; The Art of Learning
Deep Principles Over Techniques,Learning & Mastery,Learning Strategy,Learning Model,,,Josh Waitzkin; The Art of Learning
Deep Principles > Techniques,Learning,Depth,Learning Model,,,Josh Waitzkin; The Art of Learning
Default Effect,"Biases, Fallacies & Effects",Experimental & Observational,Experimental Bias,,,Gabriel Weinberg & Lauren McCann; SuperThinking; SuperThinking (Weinberg/McCann)
Definition Principle,Decision Making,Principles,Principle,,,Clear Thinking; Shane Parrish
Delay of Gratification,Comprehensive List,General,Mental Model,,,99 Mental Models
Deliberate Practice,Key Concepts,Reasoning & Thinking Models,Learning Framework,,"Focused, challenging practice with feedback is the path to excellence",Angela Duckworth; Angela Duckworth (Grit); Expertise research; Gabriel Weinberg & Lauren McCann; Grit; Malcolm Gladwell (Outliers); SuperThinking; SuperThinking (Weinberg/McCann)
Diffusion of Innovations,Comprehensive,General,Mental Model,,,80 Useful Mental Models Blog; hptbydts.com
Diffusion of Innovations Curve,Comprehensive List,General,Mental Model,,,80 Useful Mental Models
DISC,Comprehensive,General,Mental Model,,,80 Useful Mental Models; 80 Useful Mental Models Blog; hptbydts.com
Disconfirmation Bias,"Biases, Fallacies & Effects",Belief & Judgment Biases,Bias,,,Gabriel Weinberg & Lauren McCann; SuperThinking; SuperThinking (Weinberg/McCann)
Discounted Cash Flow Model,Investment,Investing Frameworks,Investment Model,,,Expectations Investing / Skill & Luck; Michael Mauboussin
Dissenting Voices in Groups,Decision Making,Probabilistic Decisions,Decision Framework,,,Annie Duke; Thinking in Bets
Distribution,Business & Entrepreneurship,Business Models,Business Model,,,Kevin Espiritu; Mental Models for Business
Distributions,Systems and Mathematics,Supporting Ideas,Statistical Concept,,How data spreads across range,Great Mental Models Vol 3; Shane Parrish; Shane Parrish Vol 3
Divergent Thinking,Key Concepts,Reasoning & Thinking Models,Reasoning Model,,,Gabriel Weinberg & Lauren McCann; SuperThinking; SuperThinking (Weinberg/McCann)
Double Entry Accounting,Business & Entrepreneurship,Business Models,Business Model,,,Kevin Espiritu; Mental Models for Business
Dunbar's Number,Comprehensive List,General,Mental Model,,,99 Mental Models
Dunning-Kruger Effect,"Biases, Fallacies & Effects",Behavioral & Social,Cognitive Bias,,Incompetent people overestimate their competence; experts underestimate theirs,99 Mental Models; Cognitive Psychology; Dunning & Kruger; Gabriel Weinberg & Lauren McCann; SuperThinking; SuperThinking (Weinberg/McCann)
Economies of Scale,Economics and Art,Economics,Economic Principle,,Per-unit costs decrease as production volume increases,Business Strategy; Great Mental Models Vol 4; Shane Parrish; Shane Parrish (TGMM Vol 4); Shane Parrish Vol 4
Ecosystems,"Physics, Chemistry, Biology",Biology,Biological System,,Interconnected organisms environment,Great Mental Models Vol 2; Shane Parrish; Shane Parrish Vol 2
Ego Default,Decision Making,Defaults,Decision Trap,,,Clear Thinking; Shane Parrish
Eisenhower Decision Matrix,Key Concepts,Foundational Thinking,Framework,,,Gabriel Weinberg & Lauren McCann; SuperThinking; SuperThinking (Weinberg/McCann)
Emergence,Systems and Mathematics,Systems,System Concept,,New properties and patterns arise from interactions of simpler elements,Complexity Science; Great Mental Models Vol 3; Shane Parrish; Shane Parrish (TGMM Vol 3); Shane Parrish Vol 3
Emotion Default,Decision Making,Defaults,Decision Trap,,,Clear Thinking; Shane Parrish
Endowment Effect,Comprehensive,General,Mental Model,,,99 Mental Models; 99 Mental Models Site; 99mentalmodels.com
Energy Minimization,Natural Sciences,Biology,Natural System,,,Great Mental Models Vol 2; Shane Parrish
Engineering Humans,Biotechnology,Human Enhancement,Futuristic Framework,,,Homo Deus; Yuval Noah Harari
Entropy,Key Concepts,System & Natural Dynamics,System Concept,,,80 Useful Mental Models; 80 Useful Mental Models Blog; Gabriel Weinberg & Lauren McCann; SuperThinking; SuperThinking (Weinberg/McCann); hptbydts.com
Environment Design,Habit Formation,Behavior Design,Habit Model,,,Atomic Habits; James Clear
Equal Status Interactions,Conflict & Psychology,Social Dynamics,Conflict Framework,,,Amanda Ripley; High Conflict
Equilibrium,Systems and Mathematics,Systems,System Concept,,Stable state where internal and external forces are balanced,Economics; Great Mental Models Vol 3; Physics; Shane Parrish; Shane Parrish (TGMM Vol 3); Shane Parrish Vol 3
Equivalence,Systems and Mathematics,Mathematics,Mathematical Principle,,Different expressions same value,Great Mental Models Vol 3; Shane Parrish; Shane Parrish Vol 3
"Ethos, Pathos, and Logos",Comprehensive List,General,Mental Model,,,80 Useful Mental Models
Evolution as Driver,Systems,Macro Dynamics,Systems Model,,,Principles; Ray Dalio
Evolution as Macro Driving Force,Business & Life,Systems,Systems Model,,,Principles; Ray Dalio
Evolution & Natural Selection,Biology & Adaptation,,Biological Principle,,Species and ideas survive by adapting to environment; fitness is relative,Biology; Shane Parrish (TGMM Vol 2); Shane Parrish Vol 2; Yuval Harari; Yuval Noah Harari (Sapiens)
Evolution Part 1,Natural Sciences,Biology,Natural System,,,Great Mental Models Vol 2; Shane Parrish
Evolution Part 1: Natural Selection and Extinction,"Physics, Chemistry, Biology",Biology,Natural System,,,Great Mental Models Vol 2; Shane Parrish; Shane Parrish Vol 2
Evolution Part 2: Adaptation Rate and the Red Queen Effect,"Physics, Chemistry, Biology",Biology,Natural System,,,Great Mental Models Vol 2; Shane Parrish; Shane Parrish Vol 2
Evolution Part 2: Red Queen Effect,Natural Sciences,Biology,Natural System,,,Great Mental Models Vol 2; Shane Parrish
Exhausted Majority,Conflict & Psychology,Social Dynamics,Conflict Framework,,,Amanda Ripley; High Conflict
Existential Risks,Challenges,Global Risks,Risk Framework,,,21 Lessons for 21st Century; Yuval Noah Harari
Expectations Investing,Investment,Valuation,Investment Model,,,Expectations Investing; Expectations Investing / Skill & Luck; Michael Mauboussin
Expectations Investing Framework,Investment,Valuation,Investment Model,,,Expectations Investing; Michael Mauboussin
Expected Value (EV),Decision Theory,,Mathematical Framework,,Calculated average outcome of decision accounting for all probabilities,Decision Theory; Game Theory; Poker Strategy
Expected Value (EV) Thinking,Decision Theory,Value,Strategic Framework,,,Poker Community; Poker Strategy
Expected Value Thinking,Game Theory & Decision,Strategic Frameworks,Strategic Framework,,,Poker Community; Poker Strategy
Externalities,Economics and Art,Economics,Economic Principle,,Costs or benefits affecting third parties not reflected in market price,Economics; Gabriel Weinberg & Lauren McCann; Great Mental Models Vol 4; Shane Parrish; Shane Parrish (TGMM Vol 4); Shane Parrish Vol 4; SuperThinking; SuperThinking (Weinberg/McCann)
Face Reality Directly,Philosophy,Approach,Principle,,,Principles; Ray Dalio
Face Reality Head-On,Business & Life,Core Philosophy,Principle,,,Principles; Ray Dalio
Failure as Creative Tool,Creativity,Failure,Creativity Model,,,Imagine; Imagine: How Creativity Works; Jonah Lehrer
Fallible Memory Recognition,Systems & Complexity,Process Management,Process Framework,,,Atul Gawande; The Checklist Manifesto
False Causality,Core Thinking,Foundational,Core Model,,,Sloww
False Dichotomy,Comprehensive,General,Mental Model,,,80 Useful Mental Models; 80 Useful Mental Models Blog; hptbydts.com
Falsifiability,Core Thinking,Foundational,Core Model,,,Sloww
Fat Tails,Distributions,Extreme Events,Risk Framework,,,Black Swan; Black Swan / Antifragile; Black Swan / Antifragile / Fooled by Randomness; Nassim Taleb
Feedback Loop,Comprehensive List,General,Mental Model,,,80 Useful Mental Models
Feedback Loops,Systems and Mathematics,Systems,System Framework,,Self-reinforcing cycles that amplify or dampen system behavior over time,Great Mental Models Vol 3; Ray Dalio (Principles); Shane Parrish; Shane Parrish (TGMM Vol 3); Shane Parrish Vol 3; SuperThinking
First Principles,Decision Making,Principles,Principle,,,Clear Thinking; Shane Parrish
First Principles from Rockets,Thinking,Fundamentals,Problem-Solving Framework,,,Ozan Varol; Think Like a Rocket Scientist
First Principles from Rocket Science,Thinking & Design,Problem Solving,Problem-Solving Framework,,,Ozan Varol; Think Like a Rocket Scientist
First Principles Thinking,General Thinking Concepts,Fundamental Frameworks,Framework,,Break down complex problems into fundamental truths and rebuild from there,Adam Grant (Think Again); Clear Thinking; Great Mental Models Vol 1; Ozan Varol; Ozan Varol (Think Like a Rocket Scientist); Ray Dalio; Ray Dalio (Principles); Shane Parrish; Shane Parrish (TGMM Vol 1); Shane Parrish Vol 1; Shane Parrish: Clear Thinking; SuperThinking
Flow,Comprehensive,General,Mental Model,,,80 Useful Mental Models; 80 Useful Mental Models Blog; hptbydts.com
Flynn Effect,Comprehensive List,General,Mental Model,,,99 Mental Models
Flywheel,Key Concepts,System & Natural Dynamics,System Concept,,,Gabriel Weinberg & Lauren McCann; SuperThinking; SuperThinking (Weinberg/McCann)
Focusing Illusion,Comprehensive,General,Mental Model,,,99 Mental Models; 99 Mental Models Site; 99mentalmodels.com
Fogg Behavior Model (B=MAP),Behavior Change,Model,Behavioral Model,,Behavior = Motivation + Ability + Prompt; all three needed simultaneously,BJ Fogg; BJ Fogg (Tiny Habits); Tiny Habits
FOMO,Comprehensive List,General,Mental Model,,,80 Useful Mental Models
Fooled by Randomness,Risk & Uncertainty,Probability & Risk,Risk Framework,,,Black Swan / Antifragile / Fooled by Randomness; Nassim Taleb
Forgetting Curve,Comprehensive,General,Mental Model,,,80 Useful Mental Models Blog; hptbydts.com
Foundation Building,Mastery,Foundation,Learning Model,,,Josh Waitzkin; The Art of Learning
Fragility/Robustness/Antifragility Spectrum,Risk & Uncertainty,Probability & Risk,Risk Framework,,,Black Swan / Antifragile / Fooled by Randomness; Nassim Taleb
Framing,"Biases, Fallacies & Effects",Behavioral & Social,Bias/Effect,,,Gabriel Weinberg & Lauren McCann; SuperThinking; SuperThinking (Weinberg/McCann)
Free Rider Problem,Key Concepts,Foundational Thinking,Economic Problem,,Incentive to benefit from collective good without contributing,Economics; Gabriel Weinberg & Lauren McCann; SuperThinking; SuperThinking (Weinberg/McCann)
Friction and Viscosity,"Physics, Chemistry, Biology",Physics,Physics Principle,,Forces that oppose movement,Great Mental Models Vol 2; Shane Parrish; Shane Parrish Vol 2
Fundamental Attribution Error,"Biases, Fallacies & Effects",Behavioral & Social,Bias/Effect,,,Gabriel Weinberg & Lauren McCann; SuperThinking; SuperThinking (Weinberg/McCann)
Gallup Q12,Comprehensive List,General,Mental Model,,,80 Useful Mental Models
Gambler's Fallacy,"Biases, Fallacies & Effects",Belief & Judgment Biases,Bias,,,99 Mental Models; Gabriel Weinberg & Lauren McCann; SuperThinking; SuperThinking (Weinberg/McCann)
Gell-Mann Amnesia,Comprehensive List,General,Mental Model,,,99 Mental Models
Generalist vs Specialist,Career & Knowledge,Career Path,Career Model,,Generalists with diverse knowledge often outperform specialists,Adam Grant; Adam Grant (Originals); David Epstein (Range); Originals
Genre,Economics and Art,Art,Art Concept,,Categories for creative work,Great Mental Models Vol 4; Shane Parrish; Shane Parrish Vol 4
Global and Local Maxima,Systems and Mathematics,Mathematics,Optimization Concept,,Best overall vs nearby,Great Mental Models Vol 3; Shane Parrish; Shane Parrish Vol 3
"Golden Circle Model (Why, How, What)",Leadership & Motivation,Organization Design,Leadership Framework,,,Simon Sinek; Start with Why
Golden Circle (Why/How/What),Leadership & Motivation,Framework,Leadership Framework,,"Start with WHY (purpose), then HOW (process), then WHAT (output)",Simon Sinek; Simon Sinek (Start with Why); Start with Why
Golden Mean,Comprehensive,General,Mental Model,,,80 Useful Mental Models Blog; hptbydts.com
Golden Rule,Comprehensive,General,Mental Model,,,80 Useful Mental Models Blog; hptbydts.com
Golem Effect,"Biases, Fallacies & Effects",Behavioral & Social,Bias/Effect,,,Gabriel Weinberg & Lauren McCann; SuperThinking; SuperThinking (Weinberg/McCann)
Goodhart's Law,"Laws, Principles & Razors",Laws,Management Principle,,"When metric becomes target, it ceases to be good metric",Economics; Gabriel Weinberg & Lauren McCann; Management; SuperThinking; SuperThinking (Weinberg/McCann)
Gresham's Law,Comprehensive List,General,Mental Model,,,99 Mental Models
Grit (Passion + Perseverance),Success & Achievement,Persistence,Success Model,,Sustained passion combined with long-term persistence predicts achievement,Angela Duckworth; Angela Duckworth (Grit); Grit
Groupthink,"Biases, Fallacies & Effects",Behavioral & Social,Bias/Effect,,,99 Mental Models; Gabriel Weinberg & Lauren McCann; SuperThinking; SuperThinking (Weinberg/McCann)
Growth Mindset,Comprehensive List,General,Mental Model,,,99 Mental Models
Habit Stacking,Habit Formation,Behavior Design,Habit Model,,,Atomic Habits; James Clear
Halo Effect,Comprehensive,General,Mental Model,,,99 Mental Models; 99 Mental Models Site; 99mentalmodels.com
Hanlon's Razor,General Thinking Concepts,Fundamental Frameworks,Principle,,Never attribute to malice that which can be adequately explained by incompetence,Great Mental Models Vol 1; Shane Parrish; Shane Parrish (TGMM Vol 1); Shane Parrish Vol 1; SuperThinking
Hawthorne Effect,Comprehensive,General,Mental Model,,,80 Useful Mental Models; 80 Useful Mental Models Blog; hptbydts.com
Hedonic Adaptation,Comprehensive List,General,Mental Model,,,99 Mental Models
Hedonic Treadmill,Psychology & Happiness,General,Psychological Principle,,Humans adapt to changes and return to baseline happiness level,99 Mental Models; 99 Mental Models Site; 99mentalmodels.com; Psychology
Heuristic,Key Concepts,System & Natural Dynamics,System Concept,,,Gabriel Weinberg & Lauren McCann; SuperThinking; SuperThinking (Weinberg/McCann)
Hick's Law,"Laws, Principles & Razors",Laws,Law,,,Gabriel Weinberg & Lauren McCann; SuperThinking; SuperThinking (Weinberg/McCann)
Hierarchical Organization,"Physics, Chemistry, Biology",Biology,Organization Principle,,Ranked systems create structure,Great Mental Models Vol 2; Shane Parrish; Shane Parrish Vol 2
Hierarchies & Inequality,Power Structures,Social Stratification,Social Framework,,,Sapiens; Yuval Noah Harari
High Conflict Mode,Conflict,Escalation,Conflict Framework,,,Amanda Ripley; High Conflict
Hindsight Bias,"Biases, Fallacies & Effects",Belief & Judgment Biases,Bias,,,Gabriel Weinberg & Lauren McCann; SuperThinking; SuperThinking (Weinberg/McCann)
Hofstadter's Law,"Laws, Principles & Razors",Laws,Management Principle,,"Everything takes longer than expected, even accounting for Hofstadter's Law",Gabriel Weinberg & Lauren McCann; Project Management; SuperThinking; SuperThinking (Weinberg/McCann)
Homeostasis,Key Concepts,System & Natural Dynamics,System Concept,,,Gabriel Weinberg & Lauren McCann; SuperThinking; SuperThinking (Weinberg/McCann)
Horizontal Connections for Creativity,Creativity,Environment,Creativity Model,,,Imagine: How Creativity Works; Jonah Lehrer
Horizontal Connections Spark Creativity,Environment,Networks,Creativity Model,,,Imagine; Jonah Lehrer
Horns Effect,Comprehensive,General,Mental Model,,,99 Mental Models; 99 Mental Models Site; 99mentalmodels.com
Humility in Expertise,Systems & Complexity,Process Management,Process Framework,,,Atul Gawande; The Checklist Manifesto
Hydra Effect,"Biases, Fallacies & Effects",Behavioral & Social,Bias/Effect,,,Gabriel Weinberg & Lauren McCann; SuperThinking; SuperThinking (Weinberg/McCann)
Hyperbolic Discounting,"Biases, Fallacies & Effects",Behavioral & Social,Bias/Effect,,,Gabriel Weinberg & Lauren McCann; SuperThinking; SuperThinking (Weinberg/McCann)
Hysteresis,Key Concepts,Reasoning & Thinking Models,Reasoning Model,,,Gabriel Weinberg & Lauren McCann; SuperThinking; SuperThinking (Weinberg/McCann)
Iceberg Principle,Comprehensive List,General,Mental Model,,,99 Mental Models
IDEALS Framework,Additional Frameworks,Thinking Tools,Framework,,,Cross-Source Frameworks; Multiple
Identity-Based Habits,Behavior Change,Self-Concept,Behavioral Framework,,Build habits based on identity shift rather than outcome goals,Atomic Habits; BJ Fogg (Tiny Habits); James Clear; James Clear (Atomic Habits)
IKEA Effect,Comprehensive List,General,Mental Model,,,99 Mental Models
Illusion of Control,Agency,Causality Attribution,Cognitive Bias,,,"Daniel Kahneman; Morgan Housel; The Psychology of Money; Thinking, Fast and Slow"
Imagined Orders,Social Reality,Shared Beliefs,Sociological Framework,,"Social structures exist because of shared belief, not objective reality",Sapiens; Yuval Noah Harari; Yuval Noah Harari (Sapiens)
Improving Returns,Business & Entrepreneurship,Business Models,Business Model,,,Kevin Espiritu; Mental Models for Business
Incentives,"Physics, Chemistry, Biology",Biology,Psychological Principle,,Rewards punishments shape behavior,Great Mental Models Vol 2; Shane Parrish; Shane Parrish Vol 2
Incremental Improvement,Habit Formation,Behavior Design,Habit Model,,,Atomic Habits; James Clear
Inertia,"Physics, Chemistry, Biology",Physics,Physics Principle,,Objects in motion stay in motion,Gabriel Weinberg & Lauren McCann; Great Mental Models Vol 2; Shane Parrish; Shane Parrish Vol 2; SuperThinking; SuperThinking (Weinberg/McCann)
Inertia Default,Decision Making,Defaults,Decision Trap,,,Clear Thinking; Shane Parrish
Inertia (Physical & Psychological),Physics & Behavior,,Physics Principle,,Objects in motion stay in motion; resistance to change affects systems,Shane Parrish (TGMM Vol 2); SuperThinking
Information Economics,Information,Incomplete Info,Strategic Framework,,,Poker Community; Poker Strategy
In-Group Favoritism & Out-Group Bias,"Biases, Fallacies & Effects",Belief & Judgment Biases,Bias,,,Gabriel Weinberg & Lauren McCann; SuperThinking; SuperThinking (Weinberg/McCann)
Integration vs Fragmentation,Learning & Growth,Learning Framework,Learning Model,,,Josh Waitzkin; The Art of Learning
Interpretation,Economics and Art,Art,Art Concept,,How meaning derived,Great Mental Models Vol 4; Shane Parrish; Shane Parrish Vol 4
Intrinsic Motivation,Comprehensive,General,Mental Model,,,80 Useful Mental Models; 80 Useful Mental Models Blog; hptbydts.com
Inverse Thinking,Key Concepts,Foundational Thinking,Framework,,,Gabriel Weinberg & Lauren McCann; SuperThinking; SuperThinking (Weinberg/McCann)
Inversion,General Thinking Concepts,Fundamental Frameworks,Framework,,Think backwards from outcome,Charlie Munger; Great Mental Models Vol 1; Shane Parrish; Shane Parrish Vol 1; SuperThinking
Inversion (Thinking Backwards),Problem-Solving,,Reasoning Framework,,"Instead of solving forward, think about how to achieve the opposite outcome",Charlie Munger; Shane Parrish (TGMM Vol 1); SuperThinking (Weinberg & McCann)
"Invert, Always Invert",Investment & Business,Core Frameworks,Philosophy,,,Charlie Munger; Charlie Munger (Poor Charlie's Almanack); Poor Charlie's Almanack
IQ vs. EQ,Comprehensive List,General,Mental Model,,,80 Useful Mental Models
Irreducibility,Systems and Mathematics,Mathematics,Mathematical Principle,,Cannot be simplified beyond point,Great Mental Models Vol 3; Shane Parrish; Shane Parrish Vol 3
Joy's Law,"Laws, Principles & Razors",Laws,Law,,,Gabriel Weinberg & Lauren McCann; SuperThinking; SuperThinking (Weinberg/McCann)
Just World Hypothesis,Key Concepts,Foundational Thinking,Framework,,,99 Mental Models; Gabriel Weinberg & Lauren McCann; SuperThinking; SuperThinking (Weinberg/McCann)
KISS Principle,Comprehensive List,General,Mental Model,,,99 Mental Models
Knowledge Doubling Curve,Comprehensive List,General,Mental Model,,,99 Mental Models
Lateral Thinking,Key Concepts,Reasoning & Thinking Models,Reasoning Model,,,Gabriel Weinberg & Lauren McCann; SuperThinking; SuperThinking (Weinberg/McCann)
Latticework of Mental Models,Investment & Business,Core Frameworks,Philosophy,,,Charlie Munger; Charlie Munger (Poor Charlie's Almanack); Poor Charlie's Almanack
Law of Averages,Comprehensive List,General,Mental Model,,,99 Mental Models
Law of Diminishing Returns,"Laws, Principles & Razors",Laws,Economic Principle,,Additional inputs yield progressively smaller outputs after a certain point,Economics; Economics texts; Gabriel Weinberg & Lauren McCann; Great Mental Models Vol 3; Shane Parrish; Shane Parrish (TGMM Vol 3); Shane Parrish Vol 3; SuperThinking; SuperThinking (Weinberg/McCann)
Law of Diminishing Utility,"Laws, Principles & Razors",Laws,Law,,,Gabriel Weinberg & Lauren McCann; SuperThinking; SuperThinking (Weinberg/McCann)
Law of Large Numbers,Comprehensive,General,Mental Model,,,99 Mental Models; 99 Mental Models Site; 99mentalmodels.com
Law of Least Effort,Comprehensive List,General,Mental Model,,,99 Mental Models
Law of Small Numbers,Comprehensive List,General,Mental Model,,,99 Mental Models
Law of the Few (Connectors),Social Dynamics,Key Influencers,Social Model,,,Malcolm Gladwell; The Tipping Point
Law of the Few (Connectors/Mavens/Salespeople),Social Influence,,Social Framework,,"Specific people (connectors, mavens, salespeople) drive disproportionate influence",Malcolm Gladwell (The Tipping Point)
Law of Unintended Consequences,Comprehensive,General,Mental Model,,,99 Mental Models; 99 Mental Models Site; 99mentalmodels.com
Laws of Motion,Core Thinking,Foundational,Core Model,,,Sloww
Laws of Thermodynamics,Core Thinking,Foundational,Core Model,,,Sloww
Leading with Purpose,Purpose,Direction,Leadership Principle,,,Simon Sinek; Start with Why
Leading with Vulnerability,Leadership,Authenticity,Leadership Principle,,,Brené Brown; Dare to Lead
Learned Helplessness,Key Concepts,Foundational Thinking,Framework,,,Gabriel Weinberg & Lauren McCann; SuperThinking; SuperThinking (Weinberg/McCann)
Learning from the Errors of Others,Investment & Business,Core Frameworks,Philosophy,,,Charlie Munger; Charlie Munger (Poor Charlie's Almanack); Poor Charlie's Almanack
Leverage,"Physics, Chemistry, Biology",Physics,Physics Principle,,Small effort creates large results,Great Mental Models Vol 2; Shane Parrish; Shane Parrish Vol 2
Leverage (Mechanical & Organizational),Physics & Strategy,,Physics Principle,,Small effort applied at right point produces disproportionate results,Archimedes Principle; Shane Parrish (TGMM Vol 2)
Liking,"Biases, Fallacies & Effects",Influence Principles,Influence Principle,,,Gabriel Weinberg & Lauren McCann; SuperThinking; SuperThinking (Weinberg/McCann)
Lindy Effect,"Biases, Fallacies & Effects",Behavioral & Social,Longevity Principle,,"The longer something has survived, the longer it is expected to survive",99 Mental Models; Black Swan; Black Swan / Antifragile; Black Swan / Antifragile / Fooled by Randomness; Gabriel Weinberg & Lauren McCann; Nassim Taleb; SuperThinking; SuperThinking (Weinberg/McCann)
Loss Aversion,"Biases, Fallacies & Effects",Behavioral & Social,Behavioral Principle,,Fear of losing something is psychologically roughly twice as powerful as gain,"Daniel Kahneman; Daniel Kahneman (Thinking, Fast and Slow); Gabriel Weinberg & Lauren McCann; Prospect Theory; SuperThinking; SuperThinking (Weinberg/McCann); Thinking, Fast and Slow"
Luck vs Skill,Finance & Behavior,Success,Success Model,,,Morgan Housel; Psychology of Money; The Psychology of Money
Luck vs Skill in Success,Success,Attribution,Success Model,,,Morgan Housel; Psychology of Money
Margin of Safety,Systems and Mathematics,Systems,Risk Principle,,Buffer between capacity demand,99 Mental Models; Charlie Munger; Great Mental Models Vol 3; Poor Charlie's Almanack; Shane Parrish; Shane Parrish Vol 3; Value Investing
Market Expectations Infrastructure,Investment,Investing Frameworks,Investment Model,,,Expectations Investing / Skill & Luck; Michael Mauboussin
Maslow's Hammer,Key Concepts,Reasoning & Thinking Models,Reasoning Model,,,80 Useful Mental Models; 80 Useful Mental Models Blog; Gabriel Weinberg & Lauren McCann; SuperThinking; SuperThinking (Weinberg/McCann); hptbydts.com
Mavens,Social Dynamics,Information Brokers,Social Model,,,Malcolm Gladwell; The Tipping Point
Mavens (Information Brokers),Social Dynamics,Connectors,Social Model,,,Malcolm Gladwell; The Tipping Point
MECE Thinking,Additional Frameworks,Business Analysis,Frameworks,,,Cross-Source
"MECE Thinking (Mutually Exclusive, Collectively Exhaustive)",Additional Frameworks,Thinking Tools,Framework,,,Cross-Source Frameworks; Multiple
Medium,Economics and Art,Art,Art Concept,,Material or format,Great Mental Models Vol 4; Shane Parrish; Shane Parrish Vol 4
Meme,Comprehensive,General,Mental Model,,,80 Useful Mental Models; 80 Useful Mental Models Blog; hptbydts.com
Memorializing Decision Process,Decision Making,Probabilistic Decisions,Decision Framework,,,Annie Duke; Thinking in Bets
Mental Models Framework,Decision Making & Psychology,Key Principles,Framework,,Use diverse frameworks,Clear Thinking; Shane Parrish; Shane Parrish: Clear Thinking
Metcalfe's Law,"Laws, Principles & Razors",Laws,Network Principle,,Value of network grows with square of number of users,Gabriel Weinberg & Lauren McCann; Network Science; SuperThinking; SuperThinking (Weinberg/McCann)
Minimum Effective Dose,Comprehensive,General,Mental Model,,,80 Useful Mental Models; 80 Useful Mental Models Blog; hptbydts.com
Minimum Viable Product,Comprehensive,General,Mental Model,,,80 Useful Mental Models; 80 Useful Mental Models Blog; hptbydts.com
Momentum,Key Concepts,System & Natural Dynamics,System Concept,,,Gabriel Weinberg & Lauren McCann; SuperThinking; SuperThinking (Weinberg/McCann)
Monopoly and Competition,Economics and Art,Economics,Economic Principle,,Market dynamics shift,Great Mental Models Vol 4; Shane Parrish; Shane Parrish Vol 4
Moral Hazard,Economics and Art,Economics,Economic Principle,,Party insulated from consequences takes more risk,Economics; Great Mental Models Vol 4; Shane Parrish; Shane Parrish (TGMM Vol 4); Shane Parrish Vol 4
Motivation,Behavior Change,Habit Formation,Behavioral Framework,,,BJ Fogg; Tiny Habits
Motivation (in B=MAP),Behavior Change,Motivation,Behavioral Component,,,BJ Fogg; Tiny Habits
Mr. Market,Business & Entrepreneurship,Business Models,Business Model,,,Kevin Espiritu; Mental Models for Business
Multidisciplinary Approach,Investment & Business,Core Frameworks,Philosophy,,,Charlie Munger; Charlie Munger (Poor Charlie's Almanack); Poor Charlie's Almanack
Multiplying by Zero,Systems and Mathematics,Mathematics,Mathematical Principle,,One failure negates all,Great Mental Models Vol 3; Shane Parrish; Shane Parrish Vol 3
Murphy's Law,"Laws, Principles & Razors",Laws,Risk Principle,,"If something can go wrong, it will; plan for failure modes",Gabriel Weinberg & Lauren McCann; Risk Management; SuperThinking; SuperThinking (Weinberg/McCann)
Narrow Framing,Decision Making,Decision Framework,Decision Model,,,Chip & Dan Heath; Decisive
Natural Selection,Key Concepts,System & Natural Dynamics,System Concept,,,Gabriel Weinberg & Lauren McCann; SuperThinking; SuperThinking (Weinberg/McCann)
Negative Black Swan,Risk,Negative Surprises,Risk Model,,,Black Swan; Black Swan / Antifragile; Black Swan / Antifragile / Fooled by Randomness; Nassim Taleb
Negativity Bias,Comprehensive,General,Mental Model,,,80 Useful Mental Models; 80 Useful Mental Models Blog; hptbydts.com
Net Present Value,Comprehensive List,General,Mental Model,,,99 Mental Models
Network Effect,Key Concepts,System & Natural Dynamics,System Concept,,,Gabriel Weinberg & Lauren McCann; SuperThinking; SuperThinking (Weinberg/McCann)
Network Effects,Systems and Mathematics,Supporting Ideas,Economic Principle,,Value increases exponentially as the number of participants grows,Great Mental Models Vol 3; Kevin Espiritu; Kevin Espiritu (Business Models); Shane Parrish; Shane Parrish (TGMM Vol 3); Shane Parrish Vol 3; SuperThinking
Niches,"Physics, Chemistry, Biology",Biology,Biological Concept,,Specialized roles in ecosystem,Great Mental Models Vol 2; Shane Parrish; Shane Parrish Vol 2
Nocebo Effect,"Biases, Fallacies & Effects",Psychological Effects,Effect,,,Gabriel Weinberg & Lauren McCann; SuperThinking; SuperThinking (Weinberg/McCann)
Nonresponse Bias,"Biases, Fallacies & Effects",Selection & Data Biases,Bias,,,Gabriel Weinberg & Lauren McCann; SuperThinking; SuperThinking (Weinberg/McCann)
Normalcy Bias,Comprehensive,General,Mental Model,,,99 Mental Models; 99 Mental Models Site; 99mentalmodels.com
Normal Distribution,Comprehensive,General,Mental Model,,,80 Useful Mental Models; 80 Useful Mental Models Blog; hptbydts.com
Nudge Theory,Choice Architecture,Choice Context,Behavioral Model,,Small changes to decision environment can dramatically shift behavior,Cass Sunstein & Richard Thaler; Cass Sunstein & Richard Thaler (Nudge); Nudge
Observer Effect,"Biases, Fallacies & Effects",Experimental & Observational,Experimental Bias,,,Gabriel Weinberg & Lauren McCann; SuperThinking; SuperThinking (Weinberg/McCann)
Observer-Expectancy Bias,"Biases, Fallacies & Effects",Experimental & Observational,Experimental Bias,,,Gabriel Weinberg & Lauren McCann; SuperThinking; SuperThinking (Weinberg/McCann)
Occam's Razor,General Thinking Concepts,Fundamental Frameworks,Principle,,The simplest explanation is usually the best; do not multiply entities beyond necessity,Great Mental Models Vol 1; Shane Parrish; Shane Parrish (TGMM Vol 1); Shane Parrish Vol 1; SuperThinking
OODA Loop,Key Concepts,Reasoning & Thinking Models,Reasoning Model,,,Gabriel Weinberg & Lauren McCann; SuperThinking; SuperThinking (Weinberg/McCann)
Opponent Modeling,Game Theory,Opponent Analysis,Strategic Framework,,Predict and adapt to opponent strategies by understanding their ranges and tendencies,Game Theory; Poker Community; Poker Strategy
Opportunity Cost,Economics and Art,Economics,Economic Principle,,"True cost of choice is what you give up, not just what you spend",99 Mental Models; 99 Mental Models Site; 99mentalmodels.com; Economics; Great Mental Models Vol 4; Shane Parrish; Shane Parrish (TGMM Vol 4); Shane Parrish Vol 4; SuperThinking
Optimistic Probability Bias,"Biases, Fallacies & Effects",Belief & Judgment Biases,Bias,,,Gabriel Weinberg & Lauren McCann; SuperThinking; SuperThinking (Weinberg/McCann)
Optimization,Economics and Art,Art,Artistic Principle,,,Great Mental Models Vol 4; Shane Parrish; Shane Parrish Vol 4
Optimization (Art & Design),Art & Design,,Design Principle,,When maximize vs adapt,Shane Parrish Vol 4
Order of Magnitude,Systems and Mathematics,Supporting Ideas,Estimation Principle,,Scale of estimation error,Great Mental Models Vol 3; Shane Parrish; Shane Parrish Vol 3
Ostrich Effect,Comprehensive,General,Mental Model,,,99 Mental Models; 99 Mental Models Site; 99mentalmodels.com
Outcome Bias,Attribution,Causality Errors,Cognitive Bias,,,Fooled by Randomness; Nassim Taleb
Overconfidence Effect,Overestimation,Excessive Certainty,Cognitive Bias,,,"Daniel Kahneman; Thinking, Fast and Slow"
Overconfidence in Predictions,Decision Making,Decision Framework,Decision Model,,,Chip & Dan Heath; Decisive
Over/Underestimation Pattern,Prediction,Patterns,Prediction Bias,,,Forecasting Essays; Paul Saffo
Paradox of Choice,Key Concepts,Foundational Thinking,Decision Problem,,Too many options leads to decision paralysis and decreased satisfaction,Behavioral Economics; Gabriel Weinberg & Lauren McCann; SuperThinking; SuperThinking (Weinberg/McCann)
Pareto Distribution,Comprehensive List,General,Mental Model,,,99 Mental Models
Pareto Efficiency,Comprehensive List,General,Mental Model,,,99 Mental Models
Pareto Frontier,Comprehensive List,General,Mental Model,,,99 Mental Models
Pareto Principle,Systems and Mathematics,Supporting Ideas,Framework,,,Great Mental Models Vol 3; Shane Parrish; Shane Parrish Vol 3
Pareto Principle (80/20),Optimization,General,Distribution Principle,,80% effects from 20% causes,99 Mental Models; 99 Mental Models Site; 99mentalmodels.com; Shane Parrish Vol 3; SuperThinking
Pareto Principle (80/20 Rule),Optimization,,Distribution Principle,,"80% of effects come from 20% of causes; focus on vital few, not trivial many",99 Mental Models; Shane Parrish (TGMM Vol 3); SuperThinking
Parkinson's Law,"Laws, Principles & Razors",Laws,Productivity Law,,Work expands to fill time allocated; add constraints to increase efficiency,99 Mental Models; 99 Mental Models Site; 99mentalmodels.com; Gabriel Weinberg & Lauren McCann; Productivity; SuperThinking; SuperThinking (Weinberg/McCann)
Path Dependence,Key Concepts,Foundational Thinking,Historical Principle,,"Current state shaped by sequence of past events, not just conditions",Economics; Gabriel Weinberg & Lauren McCann; History; SuperThinking; SuperThinking (Weinberg/McCann)
Pattern Recognition,Learning & Growth,Learning Framework,Learning Model,,,Josh Waitzkin; The Art of Learning
Pattern Seeking,Finance & Psychology,Financial Behavior,Behavioral Model,,,Morgan Housel; The Psychology of Money
Paul Saffo's Forecasting Rules,Forecasting,Methods,Forecasting Model,,,Forecasting Essays; Paul Saffo
Perspective,Economics and Art,Art,Art Concept,,Viewpoint of experience,Great Mental Models Vol 4; Shane Parrish; Shane Parrish Vol 4
Perverse Incentives,Key Concepts,Foundational Thinking,System Concept,,Incentive structures encourage undesired behaviors,Gabriel Weinberg & Lauren McCann; Incentive Design; SuperThinking; SuperThinking (Weinberg/McCann)
Peter Principle,Comprehensive,General,Mental Model,,,99 Mental Models Site; 99mentalmodels.com
Placebo Effect,Comprehensive,General,Mental Model,,,80 Useful Mental Models Blog; hptbydts.com
Planning Fallacy,Comprehensive List,General,Mental Model,,,99 Mental Models
Plot,Economics and Art,Art,Narrative Concept,,Meaningful sequence events,Great Mental Models Vol 4; Shane Parrish; Shane Parrish Vol 4
Polarity,Key Concepts,System & Natural Dynamics,System Concept,,,Gabriel Weinberg & Lauren McCann; SuperThinking; SuperThinking (Weinberg/McCann)
Porter's 5 Forces,Business,Value Creation,Business Model,,,Business Mental Models; Kevin Espiritu; Mental Models for Business
Porter's Five Forces,Business Strategy,,Strategic Framework,,"Competitive intensity determined by threat of new entry, substitutes, supplier/buyer power",Business Strategy; Kevin Espiritu (Business Models); Michael Porter
Position Play,Game Theory & Decision,Strategic Frameworks,Strategic Framework,,,Poker Community; Poker Strategy
Position Play Advantage,Strategic Advantage,Strategic Play,Strategic Principle,,Information advantage from acting later gives disproportionate benefit,Poker Community; Poker Strategy
Position to Win,Decision Making,Principles,Principle,,,Clear Thinking; Shane Parrish
Position Yourself to Win,Decision Making & Psychology,Key Principles,Principle,,Set conditions before deciding,Clear Thinking; Shane Parrish; Shane Parrish: Clear Thinking
Positive Black Swan,Opportunities,Positive Surprises,Opportunity Model,,,Black Swan; Black Swan / Antifragile; Black Swan / Antifragile / Fooled by Randomness; Nassim Taleb
Positive Reinforcement & Negative Reinforcement,Comprehensive List,General,Mental Model,,,80 Useful Mental Models
Potemkin Village,Key Concepts,Reasoning & Thinking Models,Reasoning Model,,,Gabriel Weinberg & Lauren McCann; SuperThinking; SuperThinking (Weinberg/McCann)
Power of Introverts,Leadership & Personality,Personality Types,Leadership Framework,,Introversion brings unique strengths to leadership often undervalued,Quiet; Susan Cain; Susan Cain (Quiet)
Precautionary Principle,"Laws, Principles & Razors",Principles,Principle,,,Gabriel Weinberg & Lauren McCann; SuperThinking; SuperThinking (Weinberg/McCann)
Pre-Decision Scenarios,Decision Making,Probabilistic Decisions,Decision Framework,,,Annie Duke; Thinking in Bets
Prepare to Be Wrong,Error Correction,Flexibility,Decision Framework,,,Chip & Dan Heath; Decisive
Present Bias,"Biases, Fallacies & Effects",Belief & Judgment Biases,Bias,,,Gabriel Weinberg & Lauren McCann; SuperThinking; SuperThinking (Weinberg/McCann)
Preserving Optionality,Key Concepts,Foundational Thinking,Framework,,,Gabriel Weinberg & Lauren McCann; SuperThinking; SuperThinking (Weinberg/McCann)
Principles-Driven,Culture,Guiding Values,Cultural Framework,,,Principles; Ray Dalio
Principles-Driven Approach,Business & Life,Culture,Cultural Framework,,,Principles; Ray Dalio
Prisoner's Dilemma,Game Theory,General,Game Theory Model,,Individual incentives create suboptimal collective outcome,99 Mental Models; 99 Mental Models Site; 99mentalmodels.com; Game Theory; SuperThinking
Probabilistic Thinking,General Thinking Concepts,Fundamental Frameworks,Framework,,Make decisions based on probabilities rather than certainties; embrace uncertainty quantification,"Annie Duke; Annie Duke (Thinking in Bets); Daniel Kahneman; Daniel Kahneman (Thinking, Fast and Slow); Great Mental Models Vol 1; Shane Parrish; Shane Parrish (TGMM Vol 1); Shane Parrish Vol 1; Thinking in Bets"
Procrastination as Advantage,Creativity,Timing Advantage,Productivity Model,,,Adam Grant; Originals
Product/Market Fit,Key Concepts,Reasoning & Thinking Models,Reasoning Model,,,Gabriel Weinberg & Lauren McCann; SuperThinking; SuperThinking (Weinberg/McCann)
Prompt,Behavior Change,Habit Formation,Behavioral Framework,,,BJ Fogg; Tiny Habits
Pros & Cons List,Comprehensive List,General,Mental Model,,,80 Useful Mental Models
Prospect Theory,Decision Theory,Risk Preferences,Economic Theory,,"People evaluate outcomes relative to reference point, not absolute value","Behavioral Economics; Daniel Kahneman; Daniel Kahneman (Thinking, Fast and Slow); Thinking, Fast and Slow"
Prototype Theory,Comprehensive,General,Mental Model,,,80 Useful Mental Models; 80 Useful Mental Models Blog; hptbydts.com
Publication Bias,"Biases, Fallacies & Effects",Selection & Data Biases,Bias,,,Gabriel Weinberg & Lauren McCann; SuperThinking; SuperThinking (Weinberg/McCann)
Public Goods,Economics and Art,Economics,Economic Concept,,Non-excludable non-rivalrous,Great Mental Models Vol 4; Shane Parrish; Shane Parrish Vol 4
Purple Cow,Marketing & Innovation,,Marketing Framework,,Be remarkable/different to be noticed in crowded markets,Seth Godin (Purple Cow)
Pygmalion Effect,"Biases, Fallacies & Effects",Behavioral & Social,Bias/Effect,,,99 Mental Models; 99 Mental Models Site; 99mentalmodels.com; Gabriel Weinberg & Lauren McCann; SuperThinking; SuperThinking (Weinberg/McCann)
Pyramid Principle of Communication,Additional Frameworks,Communication,Framework,,,Cross-Source; Cross-Source Frameworks; Multiple
Radical Open-Mindedness,Learning & Growth,Learning,Mental Framework,,Actively seek to understand different viewpoints and consider them equally,Principles; Ray Dalio; Ray Dalio (Principles)
Radical Transparency,Organizational Culture,Openness,Cultural Principle,,Extreme openness about decisions and reasoning builds trust and improves outcomes,Principles; Ray Dalio; Ray Dalio (Principles)
Randomness,Systems and Mathematics,Mathematics,Probability Concept,,Unpredictable variation outcomes,Great Mental Models Vol 3; Shane Parrish; Shane Parrish Vol 3
Randomness in Financial Success,Finance & Psychology,Financial Behavior,Behavioral Model,,,Morgan Housel; The Psychology of Money
Randomness Recognition,Probability,Pattern Recognition,Cognitive Model,,,Fooled by Randomness; Nassim Taleb
Range Thinking,Probability & Uncertainty,Hand Analysis,Strategic Framework,,Consider full spectrum of possibilities rather than single outcome,Decision Making; Poker Community; Poker Strategy
RAS Theory,Comprehensive List,General,Mental Model,,,99 Mental Models
Razors,Core Thinking,Foundational,Core Model,,,Sloww
Reality is King,Philosophy,Core Belief,Principle,,,Principles; Ray Dalio
Reality is King (Face Reality Head-On),Philosophy & Decision Making,Systems & Decision-Making,Philosophical Principle,,Acknowledge truth of current situation before making decisions,Principles; Ray Dalio; Ray Dalio (Principles)
Reality-Test Assumptions,Reality-Testing,Fact-Checking,Decision Framework,,,Chip & Dan Heath; Decisive
Reality-Test Your Assumptions,Decision Making,Decision Process,Decision Framework,,,Chip & Dan Heath; Decisive
Recategorization,Conflict & Psychology,Social Dynamics,Conflict Framework,,,Amanda Ripley; High Conflict
Reciprocity,"Physics, Chemistry, Biology",Physics,Physics Principle,,Action creates equal opposite reaction,Gabriel Weinberg & Lauren McCann; Great Mental Models Vol 2; Shane Parrish; Shane Parrish Vol 2; SuperThinking; SuperThinking (Weinberg/McCann)
Reciprocity Fallacy,Comprehensive List,General,Mental Model,,,99 Mental Models
Reciprocity Principle,Comprehensive List,General,Mental Model,,,99 Mental Models
Red Queen Effect,Competition & Adaptation,General,Competitive Principle,,Constant adaptation required just to maintain competitive position,99 Mental Models; 99 Mental Models Site; 99mentalmodels.com; Evolution; Shane Parrish (TGMM Vol 2); Shane Parrish Vol 2; Strategy
Red Team vs Blue Team,Decision Making,Probabilistic Decisions,Decision Framework,,,Annie Duke; Thinking in Bets
Regression to the Mean,Systems and Mathematics,Mathematics,Statistical Principle,,Extreme values tend to move toward average in subsequent measurements,80 Useful Mental Models; Behavioral Economics; Daniel Kahneman; Great Mental Models Vol 3; Shane Parrish; Shane Parrish (TGMM Vol 3); Shane Parrish Vol 3; Statistics; SuperThinking
Regret Minimization Framework,Additional Frameworks,Decision Making,Framework,,,Cross-Source; Cross-Source Frameworks; Multiple
Relativity,"Physics, Chemistry, Biology",Physics,Physics Principle,,Different perspectives valid,Great Mental Models Vol 2; Shane Parrish; Shane Parrish Vol 2
Replication,"Physics, Chemistry, Biology",Biology,Biological Principle,,Making copies maintain characteristics,80 Useful Mental Models; 80 Useful Mental Models Blog; Great Mental Models Vol 2; Shane Parrish; Shane Parrish Vol 2; hptbydts.com
Representation,Economics and Art,Art,Art Principle,,Ideas depicted symbolically,Great Mental Models Vol 4; Shane Parrish; Shane Parrish Vol 4
Representativeness Heuristic,Cognitive Bias,Similarity Matching,Cognitive Bias,,Judging probability by similarity to prototypes rather than base rates,"99 Mental Models; Daniel Kahneman; SuperThinking; Thinking, Fast and Slow"
Resisting the Extrovert Ideal,Leadership & Personality,Work Environment,Organizational Model,,,Quiet; Susan Cain
Response Bias,"Biases, Fallacies & Effects",Selection & Data Biases,Bias,,,Gabriel Weinberg & Lauren McCann; SuperThinking; SuperThinking (Weinberg/McCann)
Rethinking,Cognitive Flexibility,Cognitive Flexibility,Mental Framework,,Open-minded reconsideration of beliefs when confronted with new information,Adam Grant; Adam Grant (Think Again); Think Again
Rethinking (vs Preaching),Learning & Change,Rethinking,Learning Model,,,Adam Grant; Think Again
Reverse Engineer,Comprehensive,General,Mental Model,,,80 Useful Mental Models; 80 Useful Mental Models Blog; hptbydts.com
Reversible vs Irreversible Decisions,Key Concepts,Foundational Thinking,Framework,,,Gabriel Weinberg & Lauren McCann; SuperThinking; SuperThinking (Weinberg/McCann)
Reversing Investment Decisions,Investment,Investing Frameworks,Investment Model,,,Expectations Investing / Skill & Luck; Michael Mauboussin
Risk Management in Betting,Risk Management,Bankroll,Strategic Framework,,,Poker Community; Poker Strategy
Root Cause Principle,Decision Making,Principles,Principle,,,Clear Thinking; Shane Parrish
Safeguard Decisions,Decision Making,Principles,Principle,,,Clear Thinking; Shane Parrish
Safeguarding Decision-Making,Decision Making & Psychology,Key Principles,Principle,,Protect quality through process,Clear Thinking; Shane Parrish; Shane Parrish: Clear Thinking
Salespeople,Social Dynamics,Persuaders,Social Model,,,Malcolm Gladwell; The Tipping Point
Salespeople (Persuaders),Social Dynamics,Connectors,Social Model,,,Malcolm Gladwell; The Tipping Point
Sampling,Systems and Mathematics,Mathematics,Statistical Method,,Draw conclusions from portions,Great Mental Models Vol 3; Shane Parrish; Shane Parrish Vol 3
Satisficing Principle,Comprehensive List,General,Mental Model,,,99 Mental Models
Sayre's Law,"Laws, Principles & Razors",Laws,Law,,,Gabriel Weinberg & Lauren McCann; SuperThinking; SuperThinking (Weinberg/McCann)
Scale,Systems and Mathematics,Systems,System Concept,,How systems change with size,Great Mental Models Vol 3; Kevin Espiritu; Mental Models for Business; Shane Parrish; Shane Parrish Vol 3
Scarcity,Economics and Art,Economics,Economic Principle,,Limited resources drive value,Gabriel Weinberg & Lauren McCann; Great Mental Models Vol 4; Shane Parrish; Shane Parrish Vol 4; SuperThinking; SuperThinking (Weinberg/McCann); Thaler & Sunstein
Scarcity Mental Model,Comprehensive,General,Mental Model,,,99 Mental Models; 99 Mental Models Site; 99mentalmodels.com
Scientific Method,Core Thinking,Foundational,Core Model,,,Sloww
SCQA Structure,Additional Frameworks,Communication,Framework,,,Cross-Source
"SCQA Structure (Situation, Complication, Question, Answer)",Additional Frameworks,Communication,Framework,,,Cross-Source Frameworks; Multiple
Second-Order Thinking,General Thinking Concepts,Fundamental Frameworks,Framework,,Consider not just immediate effects but the consequences of those consequences,Great Mental Models Vol 1; Shane Parrish; Shane Parrish (TGMM Vol 1); Shane Parrish Vol 1
Selection Bias,"Biases, Fallacies & Effects",Selection & Data Biases,Bias,,,Gabriel Weinberg & Lauren McCann; SuperThinking; SuperThinking (Weinberg/McCann)
Self-Accountability,Decision Making & Psychology,Strengths,Strength,,Taking responsibility outcomes,Clear Thinking; Shane Parrish; Shane Parrish: Clear Thinking
Self-Confidence,Decision Making & Psychology,Strengths,Strength,,Trusting independent action,Clear Thinking; Shane Parrish; Shane Parrish: Clear Thinking
Self-Control,Decision Making & Psychology,Strengths,Strength,,Managing emotions prevent impulses,Clear Thinking; Shane Parrish; Shane Parrish: Clear Thinking
Self-Fulfilling Prophecy,Comprehensive,General,Mental Model,,,99 Mental Models; 99 Mental Models Site; 99mentalmodels.com
Self-Knowledge,Decision Making & Psychology,Strengths,Strength,,Understanding strengths weaknesses,Clear Thinking; Shane Parrish; Shane Parrish: Clear Thinking
Self-Preservation,"Physics, Chemistry, Biology",Biology,Biological Principle,,Innate drive maintain existence,Great Mental Models Vol 2; Shane Parrish; Shane Parrish Vol 2
Self-Serving Bias,"Biases, Fallacies & Effects",Belief & Judgment Biases,Bias,,,Gabriel Weinberg & Lauren McCann; SuperThinking; SuperThinking (Weinberg/McCann)
Semmelweis Reflex,"Biases, Fallacies & Effects",Behavioral & Social,Bias/Effect,,,Gabriel Weinberg & Lauren McCann; SuperThinking; SuperThinking (Weinberg/McCann)
Separate Decision Quality from Outcomes,Quality,Decision vs Outcome,Decision Model,,,Annie Duke; Thinking in Bets
Separate Luck from Skill,Attribution,Luck and Skill,Learning Model,,,Annie Duke; Thinking in Bets
Separating Luck from Skill,Skill Development,Learning,Learning Model,,,Annie Duke; Thinking in Bets
Serendipity,Comprehensive List,General,Mental Model,,,99 Mental Models
Shared Goals,Conflict & Psychology,Social Dynamics,Conflict Framework,,,Amanda Ripley; High Conflict
Shared Mental Models,Teamwork,Mental Alignment,Team Framework,,,Atul Gawande; The Checklist Manifesto
Short-Term Emotion,Decision Making,Decision Framework,Decision Model,,,Chip & Dan Heath; Decisive
Simple Mistakes in Complex Systems,Systems & Complexity,Process Management,Process Framework,,,Atul Gawande; The Checklist Manifesto
Simultaneous Invention,Key Concepts,Reasoning & Thinking Models,Reasoning Model,,,Gabriel Weinberg & Lauren McCann; SuperThinking; SuperThinking (Weinberg/McCann)
Six Principles of Influence,Comprehensive List,General,Mental Model,,,80 Useful Mental Models
Six Thinking Hats,Comprehensive List,General,Mental Model,,,80 Useful Mental Models
Skill vs Luck Framework,Investment,Investing Frameworks,Investment Model,,,Expectations Investing / Skill & Luck; Michael Mauboussin
Skill vs Luck Spectrum,Performance,Attribution,Performance Model,,,"Michael Mauboussin; Skill, Luck & Markets"
Slippery Slope Argument,Key Concepts,Reasoning & Thinking Models,Reasoning Model,,,Gabriel Weinberg & Lauren McCann; SuperThinking; SuperThinking (Weinberg/McCann)
Social Default,Decision Making,Defaults,Decision Trap,,,Clear Thinking; Shane Parrish
Social Proof,"Biases, Fallacies & Effects",Influence Principles,Influence Principle,,,Gabriel Weinberg & Lauren McCann; SuperThinking; SuperThinking (Weinberg/McCann)
Spacing Effect,"Biases, Fallacies & Effects",Behavioral & Social,Bias/Effect,,,Gabriel Weinberg & Lauren McCann; SuperThinking; SuperThinking (Weinberg/McCann)
Speculative vs Conservative Approach,Finance & Psychology,Financial Behavior,Behavioral Model,,,Morgan Housel; The Psychology of Money
Spotlight Effect,Comprehensive List,General,Mental Model,,,99 Mental Models
Status Quo Bias,Cognitive Bias,Default Position,Cognitive Bias,,Preference for current state over alternatives; resistance to change,"99 Mental Models; 99 Mental Models Site; 99mentalmodels.com; Behavioral Economics; Daniel Kahneman; SuperThinking; Thinking, Fast and Slow"
Stickiness Factor,Viral Spread,Memorability,Social Model,,,Malcolm Gladwell; The Tipping Point
Stimulus-Response Gap,Decision Making,Principles,Principle,,,Clear Thinking; Shane Parrish
Stoic Philosophy & Obstacles,Philosophy & Resilience,,Philosophical Framework,,Every obstacle is opportunity for virtue; control what you can control,Marcus Aurelius (Meditations); Ryan Holiday (The Obstacle Is the Way)
Streetlight Effect,Comprehensive List,General,Mental Model,,,99 Mental Models
Streisand Effect,"Biases, Fallacies & Effects",Behavioral & Social,Bias/Effect,,,Gabriel Weinberg & Lauren McCann; SuperThinking; SuperThinking (Weinberg/McCann)
Strengths-Based Thinking,Comprehensive,General,Mental Model,,,80 Useful Mental Models; 80 Useful Mental Models Blog; hptbydts.com
Style,Economics and Art,Art,Art Concept,,Distinctive manner expression,Great Mental Models Vol 4; Shane Parrish; Shane Parrish Vol 4
Sunk-Cost Fallacy,"Biases, Fallacies & Effects",Reasoning Fallacies,Decision Bias,,Continuing action due to past investment rather than future value,99 Mental Models; 99 Mental Models Site; 99mentalmodels.com; Behavioral Economics; Gabriel Weinberg & Lauren McCann; SuperThinking; SuperThinking (Weinberg/McCann)
Super Mario Effect,Comprehensive List,General,Mental Model,,,99 Mental Models
Supply and Demand,Economics and Art,Economics,Economic Principle,,Market price determined by relationship between supply and demand,Economics; Great Mental Models Vol 4; Shane Parrish; Shane Parrish (TGMM Vol 4); Shane Parrish Vol 4
Supply & Demand,Comprehensive,General,Mental Model,,,80 Useful Mental Models; 80 Useful Mental Models Blog; hptbydts.com
Surface Area,Systems and Mathematics,Mathematics,Mathematical Concept,,Points of contact matter,Great Mental Models Vol 3; Shane Parrish; Shane Parrish Vol 3
Survival is the Starting Point,Finance & Psychology,Financial Behavior,Behavioral Model,,,Morgan Housel; The Psychology of Money
Survivorship Bias,"Biases, Fallacies & Effects",Selection & Data Biases,Cognitive Bias,,Focusing on survivors while ignoring failures skews understanding,99 Mental Models; Cognitive Psychology; Gabriel Weinberg & Lauren McCann; History; SuperThinking; SuperThinking (Weinberg/McCann)
Swim Lane Theory,Comprehensive List,General,Mental Model,,,99 Mental Models
Symbolism,Economics and Art,Art,Art Concept,,Objects represent concepts,Great Mental Models Vol 4; Shane Parrish; Shane Parrish Vol 4
System 1 (Fast),Cognitive Systems,Automatic Thinking,Cognitive Model,,,"Daniel Kahneman; Thinking, Fast and Slow"
"System 1 Thinking (Fast, Intuitive, Emotional)",Cognitive Psychology,Decision Making,Cognitive Model,,,"Daniel Kahneman; Thinking, Fast and Slow"
System 1 vs System 2 Thinking,Cognitive Psychology,,Cognitive Model,,"System 1: fast, intuitive, emotional thinking. System 2: slow, deliberate, logical","Daniel Kahneman (Thinking, Fast and Slow)"
System 2 (Slow),Cognitive Systems,Deliberate Thinking,Cognitive Model,,,"Daniel Kahneman; Thinking, Fast and Slow"
"System 2 Thinking (Slow, Deliberative, Logical)",Cognitive Psychology,Decision Making,Cognitive Model,,,"Daniel Kahneman; Thinking, Fast and Slow"
Systemize Decision Making,Decisions,Process,Framework,,,Principles; Ray Dalio
Systems Over Goals,Systems,Goals,Systems Model,,,Atomic Habits; James Clear
Systems Thinking,Decision Making & Psychology,Key Principles,Framework,,Understand how parts interact to create emergent behaviors in complex wholes,Atul Gawande; Clear Thinking; Gabriel Weinberg & Lauren McCann; Principles; Ray Dalio; Ray Dalio (Principles); Shane Parrish; Shane Parrish (TGMM Vol 3); Shane Parrish: Clear Thinking; SuperThinking; SuperThinking (Weinberg/McCann)
Systems Thinking (Clear Thinking),Holistic Analysis,,Framework,,Understand interconnections,Clear Thinking
Tendency to Minimize Energy,Biology & Efficiency,,Biological Principle,,Natural inclination efficiency,Shane Parrish Vol 2
Tendency to Minimize Energy Output,"Physics, Chemistry, Biology",Biology,Natural System,,,Great Mental Models Vol 2; Shane Parrish; Shane Parrish Vol 2
Texas Sharpshooter Fallacy,"Biases, Fallacies & Effects",Reasoning Fallacies,Fallacy,,,Gabriel Weinberg & Lauren McCann; SuperThinking; SuperThinking (Weinberg/McCann)
The 4 Cores of Credibility / Speed of Trust Framework,Comprehensive List,General,Mental Model,,,80 Useful Mental Models
The 5-Step Process,Decision Making,Five-Step Process,Process Framework,,Goals → Problems → Root Causes → Solutions → Implementation Plan,Principles; Problem-Solving; Ray Dalio; Ray Dalio (Principles)
The 5 Whys,Comprehensive List,General,Mental Model,,,99 Mental Models
The 5 W's (And 1 H),Comprehensive List,General,Mental Model,,,80 Useful Mental Models
The Art of Learning,Learning & Growth,Learning Framework,Learning Model,,,Josh Waitzkin; The Art of Learning
The Bridge Problem,Comprehensive List,General,Mental Model,,,99 Mental Models
The Checklist,Process,Complexity Management,Process Framework,,,Atul Gawande; The Checklist Manifesto
The Curse of Knowledge,Comprehensive List,General,Mental Model,,,80 Useful Mental Models
The Definition Principle,Decision Making & Psychology,Key Principles,Principle,,Clearly define before solving,Clear Thinking; Shane Parrish; Shane Parrish: Clear Thinking
The Ego Default,Decision Making & Psychology,Defaults/Enemies,Decision Trap,,Reacting to self-worth threats,Clear Thinking; Shane Parrish; Shane Parrish: Clear Thinking
The Eisenhower Matrix,Comprehensive List,General,Mental Model,,,99 Mental Models
The Emotion Default,Decision Making & Psychology,Defaults/Enemies,Decision Trap,,Responding to feelings,Clear Thinking; Shane Parrish; Shane Parrish: Clear Thinking
The Five-Step Process,Business & Life,Decision Making,Decision Framework,,,Principles; Ray Dalio
The Forgetting Curve,Comprehensive List,General,Mental Model,,,80 Useful Mental Models
The Golden Mean,Comprehensive List,General,Mental Model,,,80 Useful Mental Models
The Golden Rule,Comprehensive List,General,Mental Model,,,80 Useful Mental Models
"The Habit Loop (Cue, Routine, Reward)",Habit Formation,Behavior Design,Habit Model,,,Atomic Habits; James Clear
The Inertia Default,Decision Making & Psychology,Defaults/Enemies,Decision Trap,,Preferring familiarity change,Clear Thinking; Shane Parrish; Shane Parrish: Clear Thinking
The Law of Diminishing Returns,Systems and Mathematics,Mathematics,Mathematical Principle,,,Great Mental Models Vol 3; Shane Parrish; Shane Parrish Vol 3
The Law of Non-Contradiction,Comprehensive List,General,Mental Model,,,80 Useful Mental Models
The Magic Ratio,Comprehensive List,General,Mental Model,,,80 Useful Mental Models
The Map is not the Territory,General Thinking Concepts,Fundamental Frameworks,Framework,,Our mental representations of reality are not reality itself; the map differs from the territory,Great Mental Models Vol 1; Great Mental Models Vol 1-4; Shane Parrish; Shane Parrish (TGMM Vol 1); Shane Parrish Vol 1; SuperThinking; SuperThinking (Weinberg & McCann)
The Matter of Degree Versus Kind,Comprehensive List,General,Mental Model,,,80 Useful Mental Models
Theory of Constraints,Comprehensive List,General,Mental Model,,,99 Mental Models
The Pareto Principle,Comprehensive List,General,Mental Model,,,99 Mental Models
The Peter Principle,Comprehensive List,General,Mental Model,,,99 Mental Models
The Placebo Effect,Comprehensive List,General,Mental Model,,,80 Useful Mental Models
The Platinum Rule,Comprehensive List,General,Mental Model,,,80 Useful Mental Models
The Reasonable Person,Comprehensive List,General,Mental Model,,,80 Useful Mental Models
Thermodynamics,"Physics, Chemistry, Biology",Physics,Physics Principle,,Energy conservation and entropy principles apply to many systems,99 Mental Models; Great Mental Models Vol 2; Shane Parrish; Shane Parrish (TGMM Vol 2); Shane Parrish Vol 2
The Root Cause Principle,Decision Making & Psychology,Key Principles,Principle,,Find root not surface,Clear Thinking; Shane Parrish; Shane Parrish: Clear Thinking
The Social Default,Decision Making & Psychology,Defaults/Enemies,Decision Trap,,Conforming to group norms,Clear Thinking; Shane Parrish; Shane Parrish: Clear Thinking
The Socratic Method,Comprehensive List,General,Mental Model,,,80 Useful Mental Models
Things Don't Always Go As Planned (Robert Burns),"Laws, Principles & Razors",Principles,Principle,,,Gabriel Weinberg & Lauren McCann; SuperThinking; SuperThinking (Weinberg/McCann)
Thinking Gray,Key Concepts,Foundational Thinking,Framework,,,Gabriel Weinberg & Lauren McCann; SuperThinking; SuperThinking (Weinberg/McCann)
Thinking in Bets,Decision Quality,Probabilistic,Decision Framework,,Separate decision quality from luck; focus on process not just outcomes,Annie Duke; Annie Duke (Thinking in Bets); Thinking in Bets
Thin-Slicing,Unconscious Cognition,Rapid Cognition,Cognitive Framework,,Make accurate judgments from minimal information using trained intuition,Blink; Malcolm Gladwell; Malcolm Gladwell (Blink)
Thought Experiment,General Thinking Concepts,Fundamental Frameworks,Method,,Mental simulation to test ideas,Great Mental Models Vol 1; Shane Parrish; Shane Parrish Vol 1
Three Components of Behavior,Components,Motivation,Behavioral Framework,,,BJ Fogg; Tiny Habits
Tilt,Business & Entrepreneurship,Business Models,Business Model,,,Kevin Espiritu; Mental Models for Business
Time Frame Matters,Investing,Time,Temporal Framework,,,Morgan Housel; Psychology of Money; The Psychology of Money
Tiny Habits,Habit Formation,Habit Formation,Behavioral Framework,,Start with micro-behaviors and anchor to existing routines for success,BJ Fogg; BJ Fogg (Tiny Habits); Tiny Habits
Tiny Habits Framework,Habits,Formation,Behavioral Framework,,,BJ Fogg; Tiny Habits
Tipping Point,Key Concepts,System & Natural Dynamics,Social Model,,"The moment when an idea, behavior, or product crosses threshold and spreads",99 Mental Models; Gabriel Weinberg & Lauren McCann; Malcolm Gladwell; Malcolm Gladwell (The Tipping Point); SuperThinking; SuperThinking (Weinberg/McCann); The Tipping Point
Tool-Based Approach to Complexity,Systems & Complexity,Process Management,Process Framework,,,Atul Gawande; The Checklist Manifesto
Tool vs. Goal Fallacy,Comprehensive List,General,Mental Model,,,99 Mental Models
Trade-Offs,Comprehensive,General,Mental Model,,,80 Useful Mental Models; 80 Useful Mental Models Blog; hptbydts.com
Tragedy of the Commons,Key Concepts,Foundational Thinking,Economic Model,,Individual incentives lead to collective overuse of shared resources,99 Mental Models; Economics; Gabriel Weinberg & Lauren McCann; Garrett Hardin; SuperThinking; SuperThinking (Weinberg/McCann)
Trained Intuition,Unconscious Cognition,Expert Intuition,Cognitive Model,,,Blink; Malcolm Gladwell
Trained Intuition of Experts,Unconscious Cognition,Decision Making,Cognitive Model,,,Blink; Malcolm Gladwell
Two Pizza Rule,Comprehensive List,General,Mental Model,,,99 Mental Models
Tyranny of Small Decisions,Key Concepts,Foundational Thinking,Framework,,,Gabriel Weinberg & Lauren McCann; SuperThinking; SuperThinking (Weinberg/McCann)
Unconscious Bias (Warren Harding Error),Unconscious Cognition,Decision Making,Cognitive Model,,,Blink; Malcolm Gladwell
Universal Principles,Comprehensive List,General,Mental Model,,,80 Useful Mental Models
Unlearning,Learning & Change,Mental Updating,Learning Framework,,Actively question and update outdated beliefs based on new evidence,Adam Grant; Adam Grant (Think Again); Think Again
Unlearning Past Beliefs,Learning & Change,Unlearning,Learning Model,,,Adam Grant; Think Again
Us vs Them Thinking,Conflict & Psychology,Social Dynamics,Conflict Framework,,,Amanda Ripley; High Conflict
Value Creation Drivers,Investment,Investing Frameworks,Investment Model,,,Expectations Investing / Skill & Luck; Michael Mauboussin
Veil of Ignorance,Key Concepts,Foundational Thinking,Framework,,,Gabriel Weinberg & Lauren McCann; SuperThinking; SuperThinking (Weinberg/McCann)
Velocity,"Physics, Chemistry, Biology",Physics,Physics Principle,,Speed with direction,Great Mental Models Vol 2; Shane Parrish; Shane Parrish Vol 2
Velocity vs. Speed Problem,Comprehensive List,General,Mental Model,,,99 Mental Models
Venn Diagram,Comprehensive List,General,Mental Model,,,80 Useful Mental Models
Via Negativa,Additional Frameworks,Problem Solving,Method,,,Cross-Source
Via Negativa (Define by subtraction),Additional Frameworks,Problem Solving,Framework,,,Cross-Source Frameworks; Multiple
Warren Harding Error,Unconscious Cognition,Implicit Bias,Cognitive Bias,,,Blink; Malcolm Gladwell
Widen Your Options,Widening,Expanding Options,Decision Framework,,,Chip & Dan Heath; Decisive
Win-Win,Comprehensive List,General,Mental Model,,,80 Useful Mental Models
WRAP Decision Framework,Decision Making,,Decision Framework,,"Widen options, Reality-test, Attain distance, Prepare to be wrong",Chip & Dan Heath (Decisive)
WRAP Decision Process,Decision Making,Decision Framework,Decision Model,,,Chip & Dan Heath; Decisive
WRAP Framework,Decision Process,Framework,Decision Model,,,Chip & Dan Heath; Decisive
Zeigarnik Effect,Comprehensive List,General,Mental Model,,,99 Mental Models
