Mental Model,Category,Subcategory,Type,Key Application,Description,Sources,Is Duplicate,Wikipedia URL
"10,000 Hour Rule",Skill Development,Deliberate Practice,Learning Principle,,"Approximately 10,000 hours of deliberate practice needed to achieve mastery",99 Mental Models; Angela Duckworth (Grit); Malcolm Gladwell; Malcolm Gladwell (Outliers); Outliers,No,"https://en.wikipedia.org/wiki/10,000-Hour_Rule"
1% Rule,Comprehensive List,General,Mental Model,,,99 Mental Models,No,https://en.wikipedia.org/wiki/1%25_rule
5 Whys,Key Concepts,Foundational Thinking,Framework,,,Gabriel Weinberg & Lauren McCann; SuperThinking; SuperThinking (Weinberg/McCann),No,https://en.wikipedia.org/wiki/5_Whys
Abilene Paradox,Comprehensive,General,Mental Model,,,99 Mental Models; 99 Mental Models Site; 99mentalmodels.com,No,https://en.wikipedia.org/wiki/Abilene_paradox
Ability,Behavior Change,Habit Formation,Behavioral Framework,,,BJ Fogg; Tiny Habits,No,https://en.wikipedia.org/wiki/Ability
Activation Energy,"Physics, Chemistry, Biology",Chemistry,Chemistry Principle,,Minimum energy required to initiate a process; applies to behavior change,Behavior Science; Chemistry; Great Mental Models Vol 2; Shane Parrish; Shane Parrish (TGMM Vol 2); Shane Parrish Vol 2; SuperThinking,No,https://en.wikipedia.org/wiki/Activation_energy
Active Listening,Comprehensive,General,Mental Model,,,80 Useful Mental Models; 80 Useful Mental Models Blog; hptbydts.com,No,https://en.wikipedia.org/wiki/Active_Listening
Ad Hominem Attack,Comprehensive List,General,Mental Model,,,80 Useful Mental Models,No,https://en.wikipedia.org/wiki/Ad_hominem_attack
Adverse Selection,Economics and Art,Economics,Economic Principle,,Information imbalance worst,Great Mental Models Vol 4; Shane Parrish; Shane Parrish Vol 4,No,https://en.wikipedia.org/wiki/Adverse_selection
Agricultural Revolution,Historical Turning Points,Social Organization,Historical Framework,,"Shift from hunting-gathering to farming, creating permanent settlements and hierarchies",Sapiens; Yuval Noah Harari; Yuval Noah Harari (Sapiens),No,https://en.wikipedia.org/wiki/Agricultural_revolution
Algorithms,Systems and Mathematics,Systems,System Concept,,Methodical decision-making steps,Great Mental Models Vol 3; Shane Parrish; Shane Parrish Vol 3,No,https://en.wikipedia.org/wiki/Algorithm
Alloying,"Physics, Chemistry, Biology",Chemistry,Chemistry Principle,,Combine elements for enhanced properties,Great Mental Models Vol 2; Shane Parrish; Shane Parrish Vol 2,No,https://en.wikipedia.org/wiki/Alloying
Amygdala Hijack,Comprehensive List,General,Mental Model,,,99 Mental Models,No,https://en.wikipedia.org/wiki/Amygdala_hijack
Anchor Effect,Comprehensive,General,Mental Model,,,99 Mental Models; 99 Mental Models Site; 99mentalmodels.com,No,https://en.wikipedia.org/wiki/Anchor_effect
Anchoring,"Biases, Fallacies & Effects",Behavioral & Social,Bias/Effect,,,Gabriel Weinberg & Lauren McCann; SuperThinking; SuperThinking (Weinberg/McCann),No,https://en.wikipedia.org/wiki/Anchoring
Anchoring Bias,Cognitive Bias,Reference Points,Cognitive Bias,,Over-relying on first information received as reference point for decisions,"Daniel Kahneman; Daniel Kahneman (Thinking, Fast and Slow); SuperThinking; Thinking, Fast and Slow",No,https://en.wikipedia.org/wiki/Anchoring_bias
Antifragile,Key Concepts,Foundational Thinking,Resilience Framework,,"Systems that benefit from disorder, volatility, and stress",Black Swan / Antifragile; Black Swan / Antifragile / Fooled by Randomness; Gabriel Weinberg & Lauren McCann; Nassim Taleb; Nassim Taleb (Antifragile); Shane Parrish; SuperThinking; SuperThinking (Weinberg/McCann),No,https://en.wikipedia.org/wiki/Antifragile
Apophenia,Comprehensive List,General,Mental Model,,,99 Mental Models,No,https://en.wikipedia.org/wiki/Apophenia
Asymmetric Information,Economics and Art,Economics,Economic Principle,,"When one party has more info than other, market efficiency decreases",Behavioral Economics; Great Mental Models Vol 4; Shane Parrish; Shane Parrish (TGMM Vol 4); Shane Parrish Vol 4,No,https://en.wikipedia.org/wiki/Asymmetric_Information
Atomic Habits,Behavior Change,Behavior Design,Behavioral Framework,,Tiny 1% improvements compound into remarkable results over time,Atomic Habits; James Clear; James Clear (Atomic Habits),No,https://en.wikipedia.org/wiki/Atomic_Habits
Audience,Economics and Art,Art,Art Concept,,Who receives interprets,Great Mental Models Vol 4; Shane Parrish; Shane Parrish Vol 4,No,https://en.wikipedia.org/wiki/Audience
Authority,"Biases, Fallacies & Effects",Influence Principles,Influence Principle,,,Gabriel Weinberg & Lauren McCann; SuperThinking; SuperThinking (Weinberg/McCann),No,https://en.wikipedia.org/wiki/Authority
Authority Bias,Comprehensive List,General,Mental Model,,,99 Mental Models,No,https://en.wikipedia.org/wiki/Authority_bias
Availability Bias,"Biases, Fallacies & Effects",Selection & Data Biases,Bias,,,Gabriel Weinberg & Lauren McCann; SuperThinking; SuperThinking (Weinberg/McCann),No,https://en.wikipedia.org/wiki/Availability_bias
Availability Heuristic,Cognitive Bias,Accessibility,Cognitive Bias,,Overestimating the probability of events that easily come to mind,"99 Mental Models; Daniel Kahneman; Daniel Kahneman (Thinking, Fast and Slow); SuperThinking; Thinking, Fast and Slow",No,https://en.wikipedia.org/wiki/Availability_heuristic
Babel Problem,Comprehensive List,General,Mental Model,,,99 Mental Models,No,https://en.wikipedia.org/wiki/Babel_Proclamation
Backfire Effect,"Biases, Fallacies & Effects",Behavioral & Social,Bias/Effect,,,Gabriel Weinberg & Lauren McCann; SuperThinking; SuperThinking (Weinberg/McCann),No,https://en.wikipedia.org/wiki/Backfire_effect
Bandwagon Effect,"Biases, Fallacies & Effects",Behavioral & Social,Bias/Effect,,,Gabriel Weinberg & Lauren McCann; SuperThinking; SuperThinking (Weinberg/McCann),No,https://en.wikipedia.org/wiki/Bandwagon_effect
Barbell Strategy,Risk Management,Portfolio Design,Portfolio Strategy,,Combine conservative core with aggressive bets to limit downside while enabling upside,Antifragile; Investment Strategy; Nassim Taleb; Nassim Taleb (Antifragile),No,https://en.wikipedia.org/wiki/Barbell_strategy
Base Rate Fallacy,"Biases, Fallacies & Effects",Reasoning Fallacies,Reasoning Bias,,Ignoring base rate when making probabilistic judgments,99 Mental Models; Gabriel Weinberg & Lauren McCann; Probability Theory; SuperThinking; SuperThinking (Weinberg/McCann),No,https://en.wikipedia.org/wiki/Base_rate_fallacy
Behavior Design,Behavior Change,Habit Formation,Behavioral Framework,,,BJ Fogg; Tiny Habits,No,https://en.wikipedia.org/wiki/Behavior_design
Bell Curve,Comprehensive List,General,Mental Model,,,99 Mental Models,No,https://en.wikipedia.org/wiki/Bell_Curve
Bias,Comprehensive,General,Mental Model,,,80 Useful Mental Models; 80 Useful Mental Models Blog; hptbydts.com,No,https://en.wikipedia.org/wiki/Bias
Big Five Personality Traits,Comprehensive,General,Mental Model,,,80 Useful Mental Models; 80 Useful Mental Models Blog; hptbydts.com,No,https://en.wikipedia.org/wiki/Big_Five_personality_traits
Bike-Shedding,Key Concepts,Foundational Thinking,Framework,,,Gabriel Weinberg & Lauren McCann; SuperThinking; SuperThinking (Weinberg/McCann),No,https://en.wikipedia.org/wiki/Bike_shedding
Birth Lottery,Key Concepts,Foundational Thinking,Framework,,,Gabriel Weinberg & Lauren McCann; SuperThinking; SuperThinking (Weinberg/McCann),No,https://en.wikipedia.org/wiki/Birth_lottery
Black-and-White Fallacy,"Biases, Fallacies & Effects",Reasoning Fallacies,Fallacy,,,Gabriel Weinberg & Lauren McCann; SuperThinking; SuperThinking (Weinberg/McCann),No,https://en.wikipedia.org/wiki/Black-and-white_fallacy
Black and White Thinking,Comprehensive List,General,Mental Model,,,80 Useful Mental Models,No,https://en.wikipedia.org/wiki/Black-and-white-thinking
Black Swan,Probability & Risk,Probability,Risk Framework,,Highly improbable events with massive impact that seem predictable only in hindsight,99 Mental Models; 99 Mental Models Site; 99mentalmodels.com; Black Swan / Antifragile; Black Swan / Antifragile / Fooled by Randomness; Nassim Taleb; Nassim Taleb (Black Swan); SuperThinking,No,https://en.wikipedia.org/wiki/Black_Swan
Black Swan Events,Key Concepts,Reasoning & Thinking Models,Reasoning Model,,,Gabriel Weinberg & Lauren McCann; SuperThinking; SuperThinking (Weinberg/McCann),No,https://en.wikipedia.org/wiki/Black_swan_events
Black Swan Theory,Risk & Probability,Rare Events,Risk Framework,,,Black Swan; Nassim Taleb,No,https://en.wikipedia.org/wiki/Black_swan_theory
Boiling Frog,Key Concepts,Foundational Thinking,Change Pattern,,"Slow, incremental changes go unnoticed until too late",99 Mental Models; Gabriel Weinberg & Lauren McCann; SuperThinking; SuperThinking (Weinberg/McCann),No,https://en.wikipedia.org/wiki/Boiling_frog
Boiling Frog Syndrome,Comprehensive List,General,Mental Model,,,99 Mental Models,No,https://en.wikipedia.org/wiki/Boiling_frog_syndrome
Bottlenecks,Systems and Mathematics,Systems,System Concept,,The slowest part of a system determines overall output,Great Mental Models Vol 3; Operations Management; Shane Parrish; Shane Parrish (TGMM Vol 3); Shane Parrish Vol 3,No,https://en.wikipedia.org/wiki/Bottleneck
Brain Plasticity,Comprehensive List,General,Mental Model,,,99 Mental Models,No,https://en.wikipedia.org/wiki/Brain_plasticity
Brand,Business & Entrepreneurship,Business Models,Business Model,,,Kevin Espiritu; Mental Models for Business,No,https://en.wikipedia.org/wiki/Brand
Broken Windows Theory,Key Concepts,Reasoning & Thinking Models,Reasoning Model,,,Gabriel Weinberg & Lauren McCann; SuperThinking; SuperThinking (Weinberg/McCann),No,https://en.wikipedia.org/wiki/Broken_windows_theory
Broken Window Theory,Comprehensive List,General,Mental Model,,,99 Mental Models,No,https://en.wikipedia.org/wiki/Broken_windows_theory
Butterfly Effect,Comprehensive,General,Mental Model,,,99 Mental Models; 99 Mental Models Site; 99mentalmodels.com,No,https://en.wikipedia.org/wiki/Butterfly_effect
Bystander Effect,"Biases, Fallacies & Effects",Behavioral & Social,Bias/Effect,,,Gabriel Weinberg & Lauren McCann; SuperThinking; SuperThinking (Weinberg/McCann),No,https://en.wikipedia.org/wiki/Bystander_effect
Cash Flow Quadrant,Comprehensive,General,Mental Model,,,80 Useful Mental Models; 80 Useful Mental Models Blog; hptbydts.com,No,https://en.wikipedia.org/wiki/Cashflow_Quadrant
Catalysts,"Physics, Chemistry, Biology",Chemistry,Chemistry Principle,,Elements that accelerate change without being consumed in the process,Chemistry; Great Mental Models Vol 2; Shane Parrish; Shane Parrish (TGMM Vol 2); Shane Parrish Vol 2; SuperThinking,No,https://en.wikipedia.org/wiki/Catalysis
Categorical Imperative,Comprehensive List,General,Mental Model,,,80 Useful Mental Models,No,https://en.wikipedia.org/wiki/Categorical_imperative
Character,Economics and Art,Art,Narrative Concept,,Personalities drive perspective,Great Mental Models Vol 4; Shane Parrish; Shane Parrish Vol 4,No,https://en.wikipedia.org/wiki/Character
Chicken-and-Egg Problem,Comprehensive List,General,Mental Model,,,99 Mental Models,No,https://en.wikipedia.org/wiki/Chicken_and_egg_problem
Chilling Effect,"Biases, Fallacies & Effects",Behavioral & Social,Bias/Effect,,,Gabriel Weinberg & Lauren McCann; SuperThinking; SuperThinking (Weinberg/McCann),No,https://en.wikipedia.org/wiki/Chilling_effect
Choice Architecture,Design & Behavior,Decision Context,Design Framework,,How choices are presented shapes which option people select,Behavioral Economics; Cass Sunstein & Richard Thaler; Cass Sunstein & Richard Thaler (Nudge); Nudge,No,https://en.wikipedia.org/wiki/Choice_architecture
Churn,Systems and Mathematics,Systems,System Concept,,Ongoing replacement components,Great Mental Models Vol 3; Shane Parrish; Shane Parrish Vol 3,No,https://en.wikipedia.org/wiki/Churn
Circle of Competence,General Thinking Concepts,Fundamental Frameworks,Framework,,Operate only within your area of genuine expertise to avoid costly mistakes,Charlie Munger; Charlie Munger (Poor Charlie's Almanack); Gabriel Weinberg & Lauren McCann; Great Mental Models Vol 1; Poor Charlie's Almanack; Shane Parrish; Shane Parrish (TGMM Vol 1); Shane Parrish Vol 1; SuperThinking; SuperThinking (Weinberg/McCann),No,https://en.wikipedia.org/wiki/Circle_of_competence
Clustering Illusion,"Biases, Fallacies & Effects",Reasoning Fallacies,Fallacy,,,Gabriel Weinberg & Lauren McCann; SuperThinking; SuperThinking (Weinberg/McCann),No,https://en.wikipedia.org/wiki/Clustering_illusion
Cobra Effect,"Biases, Fallacies & Effects",Behavioral & Social,Problem Model,,Attempted solution creates worse version of original problem,99 Mental Models; Gabriel Weinberg & Lauren McCann; SuperThinking; SuperThinking (Weinberg/McCann),No,https://en.wikipedia.org/wiki/Cobra_Effect
Cognitive Dissonance,"Biases, Fallacies & Effects",Behavioral & Social,Bias/Effect,,,Gabriel Weinberg & Lauren McCann; SuperThinking; SuperThinking (Weinberg/McCann),No,https://en.wikipedia.org/wiki/Cognitive_dissonance
Cognitive Revolution,Human Evolution,Historical Events,Historical Framework,,Development of abstract thinking and language enabling humans to dominate,Sapiens; Yuval Noah Harari; Yuval Noah Harari (Sapiens),No,https://en.wikipedia.org/wiki/Cognitive_revolution
Commitment,"Biases, Fallacies & Effects",Influence Principles,Influence Principle,,,Gabriel Weinberg & Lauren McCann; SuperThinking; SuperThinking (Weinberg/McCann),No,https://en.wikipedia.org/wiki/Commitment
Comparative Advantage,Economics and Art,Economics,Economic Principle,,Relative efficiency determines,Great Mental Models Vol 4; Shane Parrish; Shane Parrish Vol 4,No,https://en.wikipedia.org/wiki/Comparative_advantage
Complex Adaptive Systems,Systems and Mathematics,Supporting Ideas,System Theory,,Many interacting parts adapt,Great Mental Models Vol 3; Shane Parrish; Shane Parrish Vol 3,No,https://en.wikipedia.org/wiki/Complex_adaptive_system
Compounding,Systems and Mathematics,Mathematics,Mathematical Principle,,"Small, consistent gains multiply exponentially over long periods",Great Mental Models Vol 3; James Clear; James Clear (Atomic Habits); Morgan Housel; Morgan Housel (Psychology of Money); Shane Parrish; Shane Parrish (TGMM Vol 3); Shane Parrish Vol 3,No,https://en.wikipedia.org/wiki/Compounding
Compound Interest,Comprehensive,General,Mental Model,,,99 Mental Models; 99 Mental Models Site; 99mentalmodels.com,No,https://en.wikipedia.org/wiki/Compound_interest
Confirmation Bias,"Biases, Fallacies & Effects",Belief & Judgment Biases,Cognitive Bias,,Seeking and favoring information that confirms pre-existing beliefs,Cognitive Science; Daniel Kahneman; Gabriel Weinberg & Lauren McCann; SuperThinking; SuperThinking (Weinberg/McCann),No,https://en.wikipedia.org/wiki/Confirmation_bias
Confounding Factor,"Biases, Fallacies & Effects",Reasoning Fallacies,Fallacy,,,Gabriel Weinberg & Lauren McCann; SuperThinking; SuperThinking (Weinberg/McCann),No,https://en.wikipedia.org/wiki/Confounding_Factor
Conjunction Fallacy,"Biases, Fallacies & Effects",Reasoning Fallacies,Fallacy,,,Gabriel Weinberg & Lauren McCann; SuperThinking; SuperThinking (Weinberg/McCann),No,https://en.wikipedia.org/wiki/Conjunction_fallacy
Contact Theory,Conflict & Psychology,Social Dynamics,Conflict Framework,,,Amanda Ripley; High Conflict,No,https://en.wikipedia.org/wiki/Contact_theory
Context,Economics and Art,Art,Art Concept,,Circumstances of creation,Great Mental Models Vol 4; Shane Parrish; Shane Parrish Vol 4,No,https://en.wikipedia.org/wiki/Context
Contrast Effect,Comprehensive List,General,Mental Model,,,99 Mental Models,No,https://en.wikipedia.org/wiki/Contrast_effect
Convergent Thinking,Key Concepts,Reasoning & Thinking Models,Reasoning Model,,,Gabriel Weinberg & Lauren McCann; SuperThinking; SuperThinking (Weinberg/McCann),No,https://en.wikipedia.org/wiki/Convergent_thinking
Cooperation,"Physics, Chemistry, Biology",Biology,Social Principle,,Working together multiplies success,Great Mental Models Vol 2; Shane Parrish; Shane Parrish Vol 2,No,https://en.wikipedia.org/wiki/Cooperation
Correlation does not imply causation,Key Concepts,Reasoning & Thinking Models,Reasoning Model,,,Gabriel Weinberg & Lauren McCann; SuperThinking; SuperThinking (Weinberg/McCann),No,https://en.wikipedia.org/wiki/Correlation_does_not_imply_causation
Correlation Doesn't Imply Causation,Comprehensive List,General,Mental Model,,,80 Useful Mental Models,No,https://en.wikipedia.org/wiki/Correlation_does_not_imply_causation
Cost,Business & Entrepreneurship,Business Models,Business Model,,,Kevin Espiritu; Mental Models for Business,No,https://en.wikipedia.org/wiki/Cost
Cost-Benefit Analysis,Comprehensive List,General,Mental Model,,,80 Useful Mental Models,No,https://en.wikipedia.org/wiki/Cost-Benefit_Analysis
Counterfactual Thinking,Key Concepts,Reasoning & Thinking Models,Reasoning Model,,,Gabriel Weinberg & Lauren McCann; SuperThinking; SuperThinking (Weinberg/McCann),No,https://en.wikipedia.org/wiki/Counterfactual_thinking
Creative Destruction,Economics and Art,Economics,Economic Theory,,Process of disruptive innovation destroys old to create new value,Great Mental Models Vol 4; Schumpeter; Shane Parrish; Shane Parrish (TGMM Vol 4); Shane Parrish Vol 4,No,https://en.wikipedia.org/wiki/Creative_destruction
Critical Mass,Systems and Mathematics,Systems,System Concept,,Minimum threshold needed for system to become self-sustaining,Great Mental Models Vol 3; Malcolm Gladwell; Shane Parrish; Shane Parrish (TGMM Vol 3); Shane Parrish Vol 3; SuperThinking,No,https://en.wikipedia.org/wiki/Critical_Mass
Critical Thinking,Comprehensive List,General,Mental Model,,,80 Useful Mental Models,No,https://en.wikipedia.org/wiki/Critical_thinking
Cultural Legacy,Success Patterns,Cultural Context,Success Model,,,Malcolm Gladwell; Outliers,No,https://en.wikipedia.org/wiki/Cultural_legacy_of_the_Titanic
Cumulative Advantage,Success Patterns,Advantage Stacking,Success Framework,,Small advantages compound over time to create massive differences in outcomes,Malcolm Gladwell; Malcolm Gladwell (Outliers); Outliers,No,https://en.wikipedia.org/wiki/Cumulative_advantage
Curiosity Gap,Comprehensive List,General,Mental Model,,,99 Mental Models,No,https://en.wikipedia.org/wiki/Curiosity_(EP)
Dark Patterns,Key Concepts,Reasoning & Thinking Models,Reasoning Model,,,Gabriel Weinberg & Lauren McCann; SuperThinking; SuperThinking (Weinberg/McCann),No,https://en.wikipedia.org/wiki/Dark_pattern
Dataism,Future Worldviews,Data Age,Philosophical Framework,,Information flow itself becomes the most important thing; humans become data points,Homo Deus; Yuval Noah Harari; Yuval Noah Harari (Homo Deus),No,https://en.wikipedia.org/wiki/Dataism
Decentralized Decision Making,Systems & Complexity,Process Management,Process Framework,,,Atul Gawande; The Checklist Manifesto,No,https://en.wikipedia.org/wiki/Decentralized_decision-making
Decision Fatigue,Key Concepts,Foundational Thinking,Framework,,,Gabriel Weinberg & Lauren McCann; SuperThinking; SuperThinking (Weinberg/McCann),No,https://en.wikipedia.org/wiki/Decision_fatigue
Decision Matrix,Comprehensive List,General,Mental Model,,,80 Useful Mental Models,No,https://en.wikipedia.org/wiki/Decision_matrix
Decision Tree,Comprehensive List,General,Mental Model,,,80 Useful Mental Models,No,https://en.wikipedia.org/wiki/Decision_Tree
Decision Trees,Business & Entrepreneurship,Business Models,Business Model,,,Kevin Espiritu; Mental Models for Business,No,https://en.wikipedia.org/wiki/Decision_tree
Default Effect,"Biases, Fallacies & Effects",Experimental & Observational,Experimental Bias,,,Gabriel Weinberg & Lauren McCann; SuperThinking; SuperThinking (Weinberg/McCann),No,https://en.wikipedia.org/wiki/Default_effect
Delay of Gratification,Comprehensive List,General,Mental Model,,,99 Mental Models,No,https://en.wikipedia.org/wiki/Delay_of_gratification
Deliberate Practice,Key Concepts,Reasoning & Thinking Models,Learning Framework,,"Focused, challenging practice with feedback is the path to excellence",Angela Duckworth; Angela Duckworth (Grit); Expertise research; Gabriel Weinberg & Lauren McCann; Grit; Malcolm Gladwell (Outliers); SuperThinking; SuperThinking (Weinberg/McCann),No,https://en.wikipedia.org/wiki/Deliberate_practice
Diffusion of Innovations,Comprehensive,General,Mental Model,,,80 Useful Mental Models Blog; hptbydts.com,No,https://en.wikipedia.org/wiki/Diffusion_of_innovations
DISC,Comprehensive,General,Mental Model,,,80 Useful Mental Models; 80 Useful Mental Models Blog; hptbydts.com,No,https://en.wikipedia.org/wiki/DISC
Disconfirmation Bias,"Biases, Fallacies & Effects",Belief & Judgment Biases,Bias,,,Gabriel Weinberg & Lauren McCann; SuperThinking; SuperThinking (Weinberg/McCann),No,https://en.wikipedia.org/wiki/Disconfirmation_bias
Distribution,Business & Entrepreneurship,Business Models,Business Model,,,Kevin Espiritu; Mental Models for Business,No,https://en.wikipedia.org/wiki/Distribution
Distributions,Systems and Mathematics,Supporting Ideas,Statistical Concept,,How data spreads across range,Great Mental Models Vol 3; Shane Parrish; Shane Parrish Vol 3,No,https://en.wikipedia.org/wiki/Distribution
Divergent Thinking,Key Concepts,Reasoning & Thinking Models,Reasoning Model,,,Gabriel Weinberg & Lauren McCann; SuperThinking; SuperThinking (Weinberg/McCann),No,https://en.wikipedia.org/wiki/Divergent_thinking
Double Entry Accounting,Business & Entrepreneurship,Business Models,Business Model,,,Kevin Espiritu; Mental Models for Business,No,https://en.wikipedia.org/wiki/Double-entry_Accounting
Dunbar's Number,Comprehensive List,General,Mental Model,,,99 Mental Models,No,https://en.wikipedia.org/wiki/Dunbar%27s_number
Dunning-Kruger Effect,"Biases, Fallacies & Effects",Behavioral & Social,Cognitive Bias,,Incompetent people overestimate their competence; experts underestimate theirs,99 Mental Models; Cognitive Psychology; Dunning & Kruger; Gabriel Weinberg & Lauren McCann; SuperThinking; SuperThinking (Weinberg/McCann),No,https://en.wikipedia.org/wiki/Dunning-Kruger_Effect
Economies of Scale,Economics and Art,Economics,Economic Principle,,Per-unit costs decrease as production volume increases,Business Strategy; Great Mental Models Vol 4; Shane Parrish; Shane Parrish (TGMM Vol 4); Shane Parrish Vol 4,No,https://en.wikipedia.org/wiki/Economies_of_scale
Ecosystems,"Physics, Chemistry, Biology",Biology,Biological System,,Interconnected organisms environment,Great Mental Models Vol 2; Shane Parrish; Shane Parrish Vol 2,No,https://en.wikipedia.org/wiki/Ecosystem
Eisenhower Decision Matrix,Key Concepts,Foundational Thinking,Framework,,,Gabriel Weinberg & Lauren McCann; SuperThinking; SuperThinking (Weinberg/McCann),No,https://en.wikipedia.org/wiki/Eisenhower_decision_matrix
Emergence,Systems and Mathematics,Systems,System Concept,,New properties and patterns arise from interactions of simpler elements,Complexity Science; Great Mental Models Vol 3; Shane Parrish; Shane Parrish (TGMM Vol 3); Shane Parrish Vol 3,No,https://en.wikipedia.org/wiki/Emergence
Endowment Effect,Comprehensive,General,Mental Model,,,99 Mental Models; 99 Mental Models Site; 99mentalmodels.com,No,https://en.wikipedia.org/wiki/Endowment_effect
Energy Minimization,Natural Sciences,Biology,Natural System,,,Great Mental Models Vol 2; Shane Parrish,No,https://en.wikipedia.org/wiki/Energy_minimization
Entropy,Key Concepts,System & Natural Dynamics,System Concept,,,80 Useful Mental Models; 80 Useful Mental Models Blog; Gabriel Weinberg & Lauren McCann; SuperThinking; SuperThinking (Weinberg/McCann); hptbydts.com,No,https://en.wikipedia.org/wiki/Entropy
Environment Design,Habit Formation,Behavior Design,Habit Model,,,Atomic Habits; James Clear,No,https://en.wikipedia.org/wiki/Environmental_design
Equilibrium,Systems and Mathematics,Systems,System Concept,,Stable state where internal and external forces are balanced,Economics; Great Mental Models Vol 3; Physics; Shane Parrish; Shane Parrish (TGMM Vol 3); Shane Parrish Vol 3,No,https://en.wikipedia.org/wiki/Equilibrium
Equivalence,Systems and Mathematics,Mathematics,Mathematical Principle,,Different expressions same value,Great Mental Models Vol 3; Shane Parrish; Shane Parrish Vol 3,No,https://en.wikipedia.org/wiki/Equivalence
"Ethos, Pathos, and Logos",Comprehensive List,General,Mental Model,,,80 Useful Mental Models,No,"https://en.wikipedia.org/wiki/Ethos,_pathos_and_logos"
Evolution & Natural Selection,Biology & Adaptation,,Biological Principle,,Species and ideas survive by adapting to environment; fitness is relative,Biology; Shane Parrish (TGMM Vol 2); Shane Parrish Vol 2; Yuval Harari; Yuval Noah Harari (Sapiens),No,https://en.wikipedia.org/wiki/Evolution_by_natural_selection
Evolution Part 1,Natural Sciences,Biology,Natural System,,,Great Mental Models Vol 2; Shane Parrish,No,https://en.wikipedia.org/wiki/Evolution_of_the_Portuguese_Empire
Existential Risks,Challenges,Global Risks,Risk Framework,,,21 Lessons for 21st Century; Yuval Noah Harari,No,https://en.wikipedia.org/wiki/Existential_risks_from_artificial_general_intelligence
Expected Value (EV),Decision Theory,,Mathematical Framework,,Calculated average outcome of decision accounting for all probabilities,Decision Theory; Game Theory; Poker Strategy,No,https://en.wikipedia.org/wiki/Expected_value
Externalities,Economics and Art,Economics,Economic Principle,,Costs or benefits affecting third parties not reflected in market price,Economics; Gabriel Weinberg & Lauren McCann; Great Mental Models Vol 4; Shane Parrish; Shane Parrish (TGMM Vol 4); Shane Parrish Vol 4; SuperThinking; SuperThinking (Weinberg/McCann),No,https://en.wikipedia.org/wiki/Externalities
False Dichotomy,Comprehensive,General,Mental Model,,,80 Useful Mental Models; 80 Useful Mental Models Blog; hptbydts.com,No,https://en.wikipedia.org/wiki/False_Dichotomy
Falsifiability,Core Thinking,Foundational,Core Model,,,Sloww,No,https://en.wikipedia.org/wiki/Falsifiability
Fat Tails,Distributions,Extreme Events,Risk Framework,,,Black Swan; Black Swan / Antifragile; Black Swan / Antifragile / Fooled by Randomness; Nassim Taleb,No,https://en.wikipedia.org/wiki/Fat_tails
Feedback Loop,Comprehensive List,General,Mental Model,,,80 Useful Mental Models,No,https://en.wikipedia.org/wiki/Feedback_loop_(email)
Feedback Loops,Systems and Mathematics,Systems,System Framework,,Self-reinforcing cycles that amplify or dampen system behavior over time,Great Mental Models Vol 3; Ray Dalio (Principles); Shane Parrish; Shane Parrish (TGMM Vol 3); Shane Parrish Vol 3; SuperThinking,No,https://en.wikipedia.org/wiki/Feedback_loops
First Principles,Decision Making,Principles,Principle,,,Clear Thinking; Shane Parrish,No,https://en.wikipedia.org/wiki/First_principle
First Principles Thinking,General Thinking Concepts,Fundamental Frameworks,Framework,,Break down complex problems into fundamental truths and rebuild from there,Adam Grant (Think Again); Clear Thinking; Great Mental Models Vol 1; Ozan Varol; Ozan Varol (Think Like a Rocket Scientist); Ray Dalio; Ray Dalio (Principles); Shane Parrish; Shane Parrish (TGMM Vol 1); Shane Parrish Vol 1; Shane Parrish: Clear Thinking; SuperThinking,No,https://en.wikipedia.org/wiki/First-principles_thinking
Flow,Comprehensive,General,Mental Model,,,80 Useful Mental Models; 80 Useful Mental Models Blog; hptbydts.com,No,https://en.wikipedia.org/wiki/Flow
Flynn Effect,Comprehensive List,General,Mental Model,,,99 Mental Models,No,https://en.wikipedia.org/wiki/Flynn_effect
Flywheel,Key Concepts,System & Natural Dynamics,System Concept,,,Gabriel Weinberg & Lauren McCann; SuperThinking; SuperThinking (Weinberg/McCann),No,https://en.wikipedia.org/wiki/Flywheel
Focusing Illusion,Comprehensive,General,Mental Model,,,99 Mental Models; 99 Mental Models Site; 99mentalmodels.com,No,https://en.wikipedia.org/wiki/Focusing_illusion
FOMO,Comprehensive List,General,Mental Model,,,80 Useful Mental Models,No,https://en.wikipedia.org/wiki/FOMO
Fooled by Randomness,Risk & Uncertainty,Probability & Risk,Risk Framework,,,Black Swan / Antifragile / Fooled by Randomness; Nassim Taleb,No,https://en.wikipedia.org/wiki/Fooled_by_Randomness
Forgetting Curve,Comprehensive,General,Mental Model,,,80 Useful Mental Models Blog; hptbydts.com,No,https://en.wikipedia.org/wiki/Forgetting_curve
Foundation Building,Mastery,Foundation,Learning Model,,,Josh Waitzkin; The Art of Learning,No,https://en.wikipedia.org/wiki/Foundation_Building_(Cooper_Union)
Framing,"Biases, Fallacies & Effects",Behavioral & Social,Bias/Effect,,,Gabriel Weinberg & Lauren McCann; SuperThinking; SuperThinking (Weinberg/McCann),No,https://en.wikipedia.org/wiki/Framing
Free Rider Problem,Key Concepts,Foundational Thinking,Economic Problem,,Incentive to benefit from collective good without contributing,Economics; Gabriel Weinberg & Lauren McCann; SuperThinking; SuperThinking (Weinberg/McCann),No,https://en.wikipedia.org/wiki/Free-rider_problem
Fundamental Attribution Error,"Biases, Fallacies & Effects",Behavioral & Social,Bias/Effect,,,Gabriel Weinberg & Lauren McCann; SuperThinking; SuperThinking (Weinberg/McCann),No,https://en.wikipedia.org/wiki/Fundamental_attribution_error
Gambler's Fallacy,"Biases, Fallacies & Effects",Belief & Judgment Biases,Bias,,,99 Mental Models; Gabriel Weinberg & Lauren McCann; SuperThinking; SuperThinking (Weinberg/McCann),No,https://en.wikipedia.org/wiki/Gambler%27s_fallacy
Gell-Mann Amnesia,Comprehensive List,General,Mental Model,,,99 Mental Models,No,https://en.wikipedia.org/wiki/Gell-Mann_Amnesia
Generalist vs Specialist,Career & Knowledge,Career Path,Career Model,,Generalists with diverse knowledge often outperform specialists,Adam Grant; Adam Grant (Originals); David Epstein (Range); Originals,No,https://en.wikipedia.org/wiki/Generalist_and_specialist_species
Genre,Economics and Art,Art,Art Concept,,Categories for creative work,Great Mental Models Vol 4; Shane Parrish; Shane Parrish Vol 4,No,https://en.wikipedia.org/wiki/Genre
Golden Mean,Comprehensive,General,Mental Model,,,80 Useful Mental Models Blog; hptbydts.com,No,https://en.wikipedia.org/wiki/Golden_Mean
Golden Rule,Comprehensive,General,Mental Model,,,80 Useful Mental Models Blog; hptbydts.com,No,https://en.wikipedia.org/wiki/Golden_Rule
Golem Effect,"Biases, Fallacies & Effects",Behavioral & Social,Bias/Effect,,,Gabriel Weinberg & Lauren McCann; SuperThinking; SuperThinking (Weinberg/McCann),No,https://en.wikipedia.org/wiki/Golem_effect
Goodhart's Law,"Laws, Principles & Razors",Laws,Management Principle,,"When metric becomes target, it ceases to be good metric",Economics; Gabriel Weinberg & Lauren McCann; Management; SuperThinking; SuperThinking (Weinberg/McCann),No,https://en.wikipedia.org/wiki/Goodhart%27s_law
Gresham's Law,Comprehensive List,General,Mental Model,,,99 Mental Models,No,https://en.wikipedia.org/wiki/Gresham%27s_law
Groupthink,"Biases, Fallacies & Effects",Behavioral & Social,Bias/Effect,,,99 Mental Models; Gabriel Weinberg & Lauren McCann; SuperThinking; SuperThinking (Weinberg/McCann),No,https://en.wikipedia.org/wiki/Groupthink
Growth Mindset,Comprehensive List,General,Mental Model,,,99 Mental Models,No,https://en.wikipedia.org/wiki/Growth_mindset
Halo Effect,Comprehensive,General,Mental Model,,,99 Mental Models; 99 Mental Models Site; 99mentalmodels.com,No,https://en.wikipedia.org/wiki/Halo_effect
Hanlon's Razor,General Thinking Concepts,Fundamental Frameworks,Principle,,Never attribute to malice that which can be adequately explained by incompetence,Great Mental Models Vol 1; Shane Parrish; Shane Parrish (TGMM Vol 1); Shane Parrish Vol 1; SuperThinking,No,https://en.wikipedia.org/wiki/Hanlon%27s_razor
Hawthorne Effect,Comprehensive,General,Mental Model,,,80 Useful Mental Models; 80 Useful Mental Models Blog; hptbydts.com,No,https://en.wikipedia.org/wiki/Hawthorne_effect
Hedonic Adaptation,Comprehensive List,General,Mental Model,,,99 Mental Models,No,https://en.wikipedia.org/wiki/Hedonic_adaptation
Hedonic Treadmill,Psychology & Happiness,General,Psychological Principle,,Humans adapt to changes and return to baseline happiness level,99 Mental Models; 99 Mental Models Site; 99mentalmodels.com; Psychology,No,https://en.wikipedia.org/wiki/Hedonic_treadmill
Heuristic,Key Concepts,System & Natural Dynamics,System Concept,,,Gabriel Weinberg & Lauren McCann; SuperThinking; SuperThinking (Weinberg/McCann),No,https://en.wikipedia.org/wiki/Heuristic
Hick's Law,"Laws, Principles & Razors",Laws,Law,,,Gabriel Weinberg & Lauren McCann; SuperThinking; SuperThinking (Weinberg/McCann),No,https://en.wikipedia.org/wiki/Hick%27s_law
Hierarchical Organization,"Physics, Chemistry, Biology",Biology,Organization Principle,,Ranked systems create structure,Great Mental Models Vol 2; Shane Parrish; Shane Parrish Vol 2,No,https://en.wikipedia.org/wiki/Hierarchical_organization
Hindsight Bias,"Biases, Fallacies & Effects",Belief & Judgment Biases,Bias,,,Gabriel Weinberg & Lauren McCann; SuperThinking; SuperThinking (Weinberg/McCann),No,https://en.wikipedia.org/wiki/Hindsight_bias
Hofstadter's Law,"Laws, Principles & Razors",Laws,Management Principle,,"Everything takes longer than expected, even accounting for Hofstadter's Law",Gabriel Weinberg & Lauren McCann; Project Management; SuperThinking; SuperThinking (Weinberg/McCann),No,https://en.wikipedia.org/wiki/Hofstadter%27s_law
Homeostasis,Key Concepts,System & Natural Dynamics,System Concept,,,Gabriel Weinberg & Lauren McCann; SuperThinking; SuperThinking (Weinberg/McCann),No,https://en.wikipedia.org/wiki/Homeostasis
Horns Effect,Comprehensive,General,Mental Model,,,99 Mental Models; 99 Mental Models Site; 99mentalmodels.com,No,https://en.wikipedia.org/wiki/Horn_effect
Hydra Effect,"Biases, Fallacies & Effects",Behavioral & Social,Bias/Effect,,,Gabriel Weinberg & Lauren McCann; SuperThinking; SuperThinking (Weinberg/McCann),No,https://en.wikipedia.org/wiki/Hydra_effect
Hyperbolic Discounting,"Biases, Fallacies & Effects",Behavioral & Social,Bias/Effect,,,Gabriel Weinberg & Lauren McCann; SuperThinking; SuperThinking (Weinberg/McCann),No,https://en.wikipedia.org/wiki/Hyperbolic_discounting
Hysteresis,Key Concepts,Reasoning & Thinking Models,Reasoning Model,,,Gabriel Weinberg & Lauren McCann; SuperThinking; SuperThinking (Weinberg/McCann),No,https://en.wikipedia.org/wiki/Hysteresis
IDEALS Framework,Additional Frameworks,Thinking Tools,Framework,,,Cross-Source Frameworks; Multiple,No,https://en.wikipedia.org/wiki/IDEAL_framework
IKEA Effect,Comprehensive List,General,Mental Model,,,99 Mental Models,No,https://en.wikipedia.org/wiki/IKEA_effect
Illusion of Control,Agency,Causality Attribution,Cognitive Bias,,,"Daniel Kahneman; Morgan Housel; The Psychology of Money; Thinking, Fast and Slow",No,https://en.wikipedia.org/wiki/Illusion_of_control
Incentives,"Physics, Chemistry, Biology",Biology,Psychological Principle,,Rewards punishments shape behavior,Great Mental Models Vol 2; Shane Parrish; Shane Parrish Vol 2,No,https://en.wikipedia.org/wiki/Incentive
Incremental Improvement,Habit Formation,Behavior Design,Habit Model,,,Atomic Habits; James Clear,No,https://en.wikipedia.org/wiki/Incremental_improvements
Inertia,"Physics, Chemistry, Biology",Physics,Physics Principle,,Objects in motion stay in motion,Gabriel Weinberg & Lauren McCann; Great Mental Models Vol 2; Shane Parrish; Shane Parrish Vol 2; SuperThinking; SuperThinking (Weinberg/McCann),No,https://en.wikipedia.org/wiki/Inertia
Information Economics,Information,Incomplete Info,Strategic Framework,,,Poker Community; Poker Strategy,No,https://en.wikipedia.org/wiki/Information_economics
Interpretation,Economics and Art,Art,Art Concept,,How meaning derived,Great Mental Models Vol 4; Shane Parrish; Shane Parrish Vol 4,No,https://en.wikipedia.org/wiki/Interpretation
Intrinsic Motivation,Comprehensive,General,Mental Model,,,80 Useful Mental Models; 80 Useful Mental Models Blog; hptbydts.com,No,https://en.wikipedia.org/wiki/Intrinsic_motivation_(artificial_intelligence)
Inversion,General Thinking Concepts,Fundamental Frameworks,Framework,,Think backwards from outcome,Charlie Munger; Great Mental Models Vol 1; Shane Parrish; Shane Parrish Vol 1; SuperThinking,No,https://en.wikipedia.org/wiki/Inversion
IQ vs. EQ,Comprehensive List,General,Mental Model,,,80 Useful Mental Models,No,https://en.wikipedia.org/wiki/No._4_Squadron_RAF
Irreducibility,Systems and Mathematics,Mathematics,Mathematical Principle,,Cannot be simplified beyond point,Great Mental Models Vol 3; Shane Parrish; Shane Parrish Vol 3,No,https://en.wikipedia.org/wiki/Irreducibility
Joy's Law,"Laws, Principles & Razors",Laws,Law,,,Gabriel Weinberg & Lauren McCann; SuperThinking; SuperThinking (Weinberg/McCann),No,https://en.wikipedia.org/wiki/Joy%27s_Law
Just World Hypothesis,Key Concepts,Foundational Thinking,Framework,,,99 Mental Models; Gabriel Weinberg & Lauren McCann; SuperThinking; SuperThinking (Weinberg/McCann),No,https://en.wikipedia.org/wiki/Just_World_Hypothesis
KISS Principle,Comprehensive List,General,Mental Model,,,99 Mental Models,No,https://en.wikipedia.org/wiki/KISS_principle
Lateral Thinking,Key Concepts,Reasoning & Thinking Models,Reasoning Model,,,Gabriel Weinberg & Lauren McCann; SuperThinking; SuperThinking (Weinberg/McCann),No,https://en.wikipedia.org/wiki/Lateral_thinking
Law of Averages,Comprehensive List,General,Mental Model,,,99 Mental Models,No,https://en.wikipedia.org/wiki/Law_of_averages
Law of Diminishing Returns,"Laws, Principles & Razors",Laws,Economic Principle,,Additional inputs yield progressively smaller outputs after a certain point,Economics; Economics texts; Gabriel Weinberg & Lauren McCann; Great Mental Models Vol 3; Shane Parrish; Shane Parrish (TGMM Vol 3); Shane Parrish Vol 3; SuperThinking; SuperThinking (Weinberg/McCann),No,https://en.wikipedia.org/wiki/Law_of_Diminishing_Returns
Law of Large Numbers,Comprehensive,General,Mental Model,,,99 Mental Models; 99 Mental Models Site; 99mentalmodels.com,No,https://en.wikipedia.org/wiki/Law_of_large_numbers
Law of Small Numbers,Comprehensive List,General,Mental Model,,,99 Mental Models,No,https://en.wikipedia.org/wiki/Law_of_small_numbers
Law of Unintended Consequences,Comprehensive,General,Mental Model,,,99 Mental Models; 99 Mental Models Site; 99mentalmodels.com,No,https://en.wikipedia.org/wiki/Law_of_Unintended_Consequences
Laws of Motion,Core Thinking,Foundational,Core Model,,,Sloww,No,https://en.wikipedia.org/wiki/Laws_of_Motion
Laws of Thermodynamics,Core Thinking,Foundational,Core Model,,,Sloww,No,https://en.wikipedia.org/wiki/Laws_of_thermodynamics
Learned Helplessness,Key Concepts,Foundational Thinking,Framework,,,Gabriel Weinberg & Lauren McCann; SuperThinking; SuperThinking (Weinberg/McCann),No,https://en.wikipedia.org/wiki/Learned_helplessness
Leverage,"Physics, Chemistry, Biology",Physics,Physics Principle,,Small effort creates large results,Great Mental Models Vol 2; Shane Parrish; Shane Parrish Vol 2,No,https://en.wikipedia.org/wiki/Leverage
Liking,"Biases, Fallacies & Effects",Influence Principles,Influence Principle,,,Gabriel Weinberg & Lauren McCann; SuperThinking; SuperThinking (Weinberg/McCann),No,https://en.wikipedia.org/wiki/Liking
Lindy Effect,"Biases, Fallacies & Effects",Behavioral & Social,Longevity Principle,,"The longer something has survived, the longer it is expected to survive",99 Mental Models; Black Swan; Black Swan / Antifragile; Black Swan / Antifragile / Fooled by Randomness; Gabriel Weinberg & Lauren McCann; Nassim Taleb; SuperThinking; SuperThinking (Weinberg/McCann),No,https://en.wikipedia.org/wiki/Lindy_effect
Loss Aversion,"Biases, Fallacies & Effects",Behavioral & Social,Behavioral Principle,,Fear of losing something is psychologically roughly twice as powerful as gain,"Daniel Kahneman; Daniel Kahneman (Thinking, Fast and Slow); Gabriel Weinberg & Lauren McCann; Prospect Theory; SuperThinking; SuperThinking (Weinberg/McCann); Thinking, Fast and Slow",No,https://en.wikipedia.org/wiki/Loss_aversion
Margin of Safety,Systems and Mathematics,Systems,Risk Principle,,Buffer between capacity demand,99 Mental Models; Charlie Munger; Great Mental Models Vol 3; Poor Charlie's Almanack; Shane Parrish; Shane Parrish Vol 3; Value Investing,No,https://en.wikipedia.org/wiki/Margin_of_safety_(financial)
Maslow's Hammer,Key Concepts,Reasoning & Thinking Models,Reasoning Model,,,80 Useful Mental Models; 80 Useful Mental Models Blog; Gabriel Weinberg & Lauren McCann; SuperThinking; SuperThinking (Weinberg/McCann); hptbydts.com,No,https://en.wikipedia.org/wiki/Maslow%27s_hammer
Mavens,Social Dynamics,Information Brokers,Social Model,,,Malcolm Gladwell; The Tipping Point,No,https://en.wikipedia.org/wiki/Maven_(Scrabble)
MECE Thinking,Additional Frameworks,Business Analysis,Frameworks,,,Cross-Source,No,https://en.wikipedia.org/wiki/Meta_thinking
Medium,Economics and Art,Art,Art Concept,,Material or format,Great Mental Models Vol 4; Shane Parrish; Shane Parrish Vol 4,No,https://en.wikipedia.org/wiki/Medium
Meme,Comprehensive,General,Mental Model,,,80 Useful Mental Models; 80 Useful Mental Models Blog; hptbydts.com,No,https://en.wikipedia.org/wiki/Meme
Metcalfe's Law,"Laws, Principles & Razors",Laws,Network Principle,,Value of network grows with square of number of users,Gabriel Weinberg & Lauren McCann; Network Science; SuperThinking; SuperThinking (Weinberg/McCann),No,https://en.wikipedia.org/wiki/Metcalfe%27s_law
Minimum Effective Dose,Comprehensive,General,Mental Model,,,80 Useful Mental Models; 80 Useful Mental Models Blog; hptbydts.com,No,https://en.wikipedia.org/wiki/Minimum_effective_dose
Minimum Viable Product,Comprehensive,General,Mental Model,,,80 Useful Mental Models; 80 Useful Mental Models Blog; hptbydts.com,No,https://en.wikipedia.org/wiki/Minimum_viable_product
Momentum,Key Concepts,System & Natural Dynamics,System Concept,,,Gabriel Weinberg & Lauren McCann; SuperThinking; SuperThinking (Weinberg/McCann),No,https://en.wikipedia.org/wiki/Momentum
Monopoly and Competition,Economics and Art,Economics,Economic Principle,,Market dynamics shift,Great Mental Models Vol 4; Shane Parrish; Shane Parrish Vol 4,No,https://en.wikipedia.org/wiki/Monopoly_and_Competition
Moral Hazard,Economics and Art,Economics,Economic Principle,,Party insulated from consequences takes more risk,Economics; Great Mental Models Vol 4; Shane Parrish; Shane Parrish (TGMM Vol 4); Shane Parrish Vol 4,No,https://en.wikipedia.org/wiki/Moral_hazard
Motivation,Behavior Change,Habit Formation,Behavioral Framework,,,BJ Fogg; Tiny Habits,No,https://en.wikipedia.org/wiki/Motivation
Mr. Market,Business & Entrepreneurship,Business Models,Business Model,,,Kevin Espiritu; Mental Models for Business,No,https://en.wikipedia.org/wiki/Mr._Market
Multidisciplinary Approach,Investment & Business,Core Frameworks,Philosophy,,,Charlie Munger; Charlie Munger (Poor Charlie's Almanack); Poor Charlie's Almanack,No,https://en.wikipedia.org/wiki/Multidisciplinary_approach
Murphy's Law,"Laws, Principles & Razors",Laws,Risk Principle,,"If something can go wrong, it will; plan for failure modes",Gabriel Weinberg & Lauren McCann; Risk Management; SuperThinking; SuperThinking (Weinberg/McCann),No,https://en.wikipedia.org/wiki/Murphy%27s_law
Natural Selection,Key Concepts,System & Natural Dynamics,System Concept,,,Gabriel Weinberg & Lauren McCann; SuperThinking; SuperThinking (Weinberg/McCann),No,https://en.wikipedia.org/wiki/Natural_selection
Negativity Bias,Comprehensive,General,Mental Model,,,80 Useful Mental Models; 80 Useful Mental Models Blog; hptbydts.com,No,https://en.wikipedia.org/wiki/Negativity_bias
Net Present Value,Comprehensive List,General,Mental Model,,,99 Mental Models,No,https://en.wikipedia.org/wiki/Net_present_value
Network Effect,Key Concepts,System & Natural Dynamics,System Concept,,,Gabriel Weinberg & Lauren McCann; SuperThinking; SuperThinking (Weinberg/McCann),No,https://en.wikipedia.org/wiki/Network_effect
Network Effects,Systems and Mathematics,Supporting Ideas,Economic Principle,,Value increases exponentially as the number of participants grows,Great Mental Models Vol 3; Kevin Espiritu; Kevin Espiritu (Business Models); Shane Parrish; Shane Parrish (TGMM Vol 3); Shane Parrish Vol 3; SuperThinking,No,https://en.wikipedia.org/wiki/Network_effect
Niches,"Physics, Chemistry, Biology",Biology,Biological Concept,,Specialized roles in ecosystem,Great Mental Models Vol 2; Shane Parrish; Shane Parrish Vol 2,No,https://en.wikipedia.org/wiki/Girolamo_Michele_Nichesola
Nocebo Effect,"Biases, Fallacies & Effects",Psychological Effects,Effect,,,Gabriel Weinberg & Lauren McCann; SuperThinking; SuperThinking (Weinberg/McCann),No,https://en.wikipedia.org/wiki/Nocebo_Effect
Nonresponse Bias,"Biases, Fallacies & Effects",Selection & Data Biases,Bias,,,Gabriel Weinberg & Lauren McCann; SuperThinking; SuperThinking (Weinberg/McCann),No,https://en.wikipedia.org/wiki/Nonresponse_bias
Normalcy Bias,Comprehensive,General,Mental Model,,,99 Mental Models; 99 Mental Models Site; 99mentalmodels.com,No,https://en.wikipedia.org/wiki/Normalcy_bias
Normal Distribution,Comprehensive,General,Mental Model,,,80 Useful Mental Models; 80 Useful Mental Models Blog; hptbydts.com,No,https://en.wikipedia.org/wiki/Normal_distribution
Nudge Theory,Choice Architecture,Choice Context,Behavioral Model,,Small changes to decision environment can dramatically shift behavior,Cass Sunstein & Richard Thaler; Cass Sunstein & Richard Thaler (Nudge); Nudge,No,https://en.wikipedia.org/wiki/Nudge_theory
Observer Effect,"Biases, Fallacies & Effects",Experimental & Observational,Experimental Bias,,,Gabriel Weinberg & Lauren McCann; SuperThinking; SuperThinking (Weinberg/McCann),No,https://en.wikipedia.org/wiki/Observer_Effect
Occam's Razor,General Thinking Concepts,Fundamental Frameworks,Principle,,The simplest explanation is usually the best; do not multiply entities beyond necessity,Great Mental Models Vol 1; Shane Parrish; Shane Parrish (TGMM Vol 1); Shane Parrish Vol 1; SuperThinking,No,https://en.wikipedia.org/wiki/Occam%27s_razor
OODA Loop,Key Concepts,Reasoning & Thinking Models,Reasoning Model,,,Gabriel Weinberg & Lauren McCann; SuperThinking; SuperThinking (Weinberg/McCann),No,https://en.wikipedia.org/wiki/OODA_loop
Opportunity Cost,Economics and Art,Economics,Economic Principle,,"True cost of choice is what you give up, not just what you spend",99 Mental Models; 99 Mental Models Site; 99mentalmodels.com; Economics; Great Mental Models Vol 4; Shane Parrish; Shane Parrish (TGMM Vol 4); Shane Parrish Vol 4; SuperThinking,No,https://en.wikipedia.org/wiki/Opportunity_cost
Optimization,Economics and Art,Art,Artistic Principle,,,Great Mental Models Vol 4; Shane Parrish; Shane Parrish Vol 4,No,https://en.wikipedia.org/wiki/Optimization
Order of Magnitude,Systems and Mathematics,Supporting Ideas,Estimation Principle,,Scale of estimation error,Great Mental Models Vol 3; Shane Parrish; Shane Parrish Vol 3,No,https://en.wikipedia.org/wiki/Orders_of_magnitude_(numbers)
Ostrich Effect,Comprehensive,General,Mental Model,,,99 Mental Models; 99 Mental Models Site; 99mentalmodels.com,No,https://en.wikipedia.org/wiki/Ostrich_effect
Outcome Bias,Attribution,Causality Errors,Cognitive Bias,,,Fooled by Randomness; Nassim Taleb,No,https://en.wikipedia.org/wiki/Outcome_bias
Overconfidence Effect,Overestimation,Excessive Certainty,Cognitive Bias,,,"Daniel Kahneman; Thinking, Fast and Slow",No,https://en.wikipedia.org/wiki/Overconfidence_effect
Paradox of Choice,Key Concepts,Foundational Thinking,Decision Problem,,Too many options leads to decision paralysis and decreased satisfaction,Behavioral Economics; Gabriel Weinberg & Lauren McCann; SuperThinking; SuperThinking (Weinberg/McCann),No,https://en.wikipedia.org/wiki/The_Paradox_of_Choice
Pareto Distribution,Comprehensive List,General,Mental Model,,,99 Mental Models,No,https://en.wikipedia.org/wiki/Pareto_distribution
Pareto Efficiency,Comprehensive List,General,Mental Model,,,99 Mental Models,No,https://en.wikipedia.org/wiki/Pareto_efficiency
Pareto Frontier,Comprehensive List,General,Mental Model,,,99 Mental Models,No,https://en.wikipedia.org/wiki/Pareto_frontier
Pareto Principle,Systems and Mathematics,Supporting Ideas,Framework,,,Great Mental Models Vol 3; Shane Parrish; Shane Parrish Vol 3,No,https://en.wikipedia.org/wiki/Pareto_principle
Parkinson's Law,"Laws, Principles & Razors",Laws,Productivity Law,,Work expands to fill time allocated; add constraints to increase efficiency,99 Mental Models; 99 Mental Models Site; 99mentalmodels.com; Gabriel Weinberg & Lauren McCann; Productivity; SuperThinking; SuperThinking (Weinberg/McCann),No,https://en.wikipedia.org/wiki/Parkinson%27s_law
Path Dependence,Key Concepts,Foundational Thinking,Historical Principle,,"Current state shaped by sequence of past events, not just conditions",Economics; Gabriel Weinberg & Lauren McCann; History; SuperThinking; SuperThinking (Weinberg/McCann),No,https://en.wikipedia.org/wiki/Path_dependence
Pattern Recognition,Learning & Growth,Learning Framework,Learning Model,,,Josh Waitzkin; The Art of Learning,No,https://en.wikipedia.org/wiki/Pattern_recognition
Pattern Seeking,Finance & Psychology,Financial Behavior,Behavioral Model,,,Morgan Housel; The Psychology of Money,No,https://en.wikipedia.org/wiki/Pattern-Seeking_Animals
Perspective,Economics and Art,Art,Art Concept,,Viewpoint of experience,Great Mental Models Vol 4; Shane Parrish; Shane Parrish Vol 4,No,https://en.wikipedia.org/wiki/Perspective
Perverse Incentives,Key Concepts,Foundational Thinking,System Concept,,Incentive structures encourage undesired behaviors,Gabriel Weinberg & Lauren McCann; Incentive Design; SuperThinking; SuperThinking (Weinberg/McCann),No,https://en.wikipedia.org/wiki/Perverse_incentive
Peter Principle,Comprehensive,General,Mental Model,,,99 Mental Models Site; 99mentalmodels.com,No,https://en.wikipedia.org/wiki/Peter_principle
Placebo Effect,Comprehensive,General,Mental Model,,,80 Useful Mental Models Blog; hptbydts.com,No,https://en.wikipedia.org/wiki/Placebo_Effect
Planning Fallacy,Comprehensive List,General,Mental Model,,,99 Mental Models,No,https://en.wikipedia.org/wiki/Planning_fallacy
Plot,Economics and Art,Art,Narrative Concept,,Meaningful sequence events,Great Mental Models Vol 4; Shane Parrish; Shane Parrish Vol 4,No,https://en.wikipedia.org/wiki/Plot
Polarity,Key Concepts,System & Natural Dynamics,System Concept,,,Gabriel Weinberg & Lauren McCann; SuperThinking; SuperThinking (Weinberg/McCann),No,https://en.wikipedia.org/wiki/Polarity
Porter's 5 Forces,Business,Value Creation,Business Model,,,Business Mental Models; Kevin Espiritu; Mental Models for Business,No,https://en.wikipedia.org/wiki/Porter%27s_5_forces
Porter's Five Forces,Business Strategy,,Strategic Framework,,"Competitive intensity determined by threat of new entry, substitutes, supplier/buyer power",Business Strategy; Kevin Espiritu (Business Models); Michael Porter,No,https://en.wikipedia.org/wiki/Porter%27s_five_forces_analysis
Position Play,Game Theory & Decision,Strategic Frameworks,Strategic Framework,,,Poker Community; Poker Strategy,No,https://en.wikipedia.org/wiki/Position_player
Potemkin Village,Key Concepts,Reasoning & Thinking Models,Reasoning Model,,,Gabriel Weinberg & Lauren McCann; SuperThinking; SuperThinking (Weinberg/McCann),No,https://en.wikipedia.org/wiki/Potemkin_village
Precautionary Principle,"Laws, Principles & Razors",Principles,Principle,,,Gabriel Weinberg & Lauren McCann; SuperThinking; SuperThinking (Weinberg/McCann),No,https://en.wikipedia.org/wiki/Precautionary_principle
Prepare to Be Wrong,Error Correction,Flexibility,Decision Framework,,,Chip & Dan Heath; Decisive,No,https://en.wikipedia.org/wiki/Prepare_to_Be_Wrong
Present Bias,"Biases, Fallacies & Effects",Belief & Judgment Biases,Bias,,,Gabriel Weinberg & Lauren McCann; SuperThinking; SuperThinking (Weinberg/McCann),No,https://en.wikipedia.org/wiki/Present_bias
Prisoner's Dilemma,Game Theory,General,Game Theory Model,,Individual incentives create suboptimal collective outcome,99 Mental Models; 99 Mental Models Site; 99mentalmodels.com; Game Theory; SuperThinking,No,https://en.wikipedia.org/wiki/Prisoner%27s_dilemma
Product/Market Fit,Key Concepts,Reasoning & Thinking Models,Reasoning Model,,,Gabriel Weinberg & Lauren McCann; SuperThinking; SuperThinking (Weinberg/McCann),No,https://en.wikipedia.org/wiki/Product-market_fit
Prompt,Behavior Change,Habit Formation,Behavioral Framework,,,BJ Fogg; Tiny Habits,No,https://en.wikipedia.org/wiki/Prompt
Pros & Cons List,Comprehensive List,General,Mental Model,,,80 Useful Mental Models,No,https://en.wikipedia.org/wiki/The_Pros_and_Cons_of_Hitch_Hiking
Prospect Theory,Decision Theory,Risk Preferences,Economic Theory,,"People evaluate outcomes relative to reference point, not absolute value","Behavioral Economics; Daniel Kahneman; Daniel Kahneman (Thinking, Fast and Slow); Thinking, Fast and Slow",No,https://en.wikipedia.org/wiki/Prospect_theory
Prototype Theory,Comprehensive,General,Mental Model,,,80 Useful Mental Models; 80 Useful Mental Models Blog; hptbydts.com,No,https://en.wikipedia.org/wiki/Prototype_theory
Publication Bias,"Biases, Fallacies & Effects",Selection & Data Biases,Bias,,,Gabriel Weinberg & Lauren McCann; SuperThinking; SuperThinking (Weinberg/McCann),No,https://en.wikipedia.org/wiki/Publication_bias
Public Goods,Economics and Art,Economics,Economic Concept,,Non-excludable non-rivalrous,Great Mental Models Vol 4; Shane Parrish; Shane Parrish Vol 4,No,https://en.wikipedia.org/wiki/Public_good
Purple Cow,Marketing & Innovation,,Marketing Framework,,Be remarkable/different to be noticed in crowded markets,Seth Godin (Purple Cow),No,https://en.wikipedia.org/wiki/Purple_Cow
Pygmalion Effect,"Biases, Fallacies & Effects",Behavioral & Social,Bias/Effect,,,99 Mental Models; 99 Mental Models Site; 99mentalmodels.com; Gabriel Weinberg & Lauren McCann; SuperThinking; SuperThinking (Weinberg/McCann),No,https://en.wikipedia.org/wiki/Pygmalion_effect
Radical Transparency,Organizational Culture,Openness,Cultural Principle,,Extreme openness about decisions and reasoning builds trust and improves outcomes,Principles; Ray Dalio; Ray Dalio (Principles),No,https://en.wikipedia.org/wiki/Radical_transparency
Randomness,Systems and Mathematics,Mathematics,Probability Concept,,Unpredictable variation outcomes,Great Mental Models Vol 3; Shane Parrish; Shane Parrish Vol 3,No,https://en.wikipedia.org/wiki/Randomness
RAS Theory,Comprehensive List,General,Mental Model,,,99 Mental Models,No,https://en.wikipedia.org/wiki/Rank_theory_of_depression
Razors,Core Thinking,Foundational,Core Model,,,Sloww,No,https://en.wikipedia.org/wiki/Razors
Reality is King,Philosophy,Core Belief,Principle,,,Principles; Ray Dalio,No,https://en.wikipedia.org/wiki/Reality_Kings
Recategorization,Conflict & Psychology,Social Dynamics,Conflict Framework,,,Amanda Ripley; High Conflict,No,https://en.wikipedia.org/wiki/Recategorization
Reciprocity,"Physics, Chemistry, Biology",Physics,Physics Principle,,Action creates equal opposite reaction,Gabriel Weinberg & Lauren McCann; Great Mental Models Vol 2; Shane Parrish; Shane Parrish Vol 2; SuperThinking; SuperThinking (Weinberg/McCann),No,https://en.wikipedia.org/wiki/Reciprocity
Reciprocity Principle,Comprehensive List,General,Mental Model,,,99 Mental Models,No,https://en.wikipedia.org/wiki/Reciprocity_principle
Red Queen Effect,Competition & Adaptation,General,Competitive Principle,,Constant adaptation required just to maintain competitive position,99 Mental Models; 99 Mental Models Site; 99mentalmodels.com; Evolution; Shane Parrish (TGMM Vol 2); Shane Parrish Vol 2; Strategy,No,https://en.wikipedia.org/wiki/Red_queen_effect
Regression to the Mean,Systems and Mathematics,Mathematics,Statistical Principle,,Extreme values tend to move toward average in subsequent measurements,80 Useful Mental Models; Behavioral Economics; Daniel Kahneman; Great Mental Models Vol 3; Shane Parrish; Shane Parrish (TGMM Vol 3); Shane Parrish Vol 3; Statistics; SuperThinking,No,https://en.wikipedia.org/wiki/Regression_to_the_Mean
Relativity,"Physics, Chemistry, Biology",Physics,Physics Principle,,Different perspectives valid,Great Mental Models Vol 2; Shane Parrish; Shane Parrish Vol 2,No,https://en.wikipedia.org/wiki/Relativity
Replication,"Physics, Chemistry, Biology",Biology,Biological Principle,,Making copies maintain characteristics,80 Useful Mental Models; 80 Useful Mental Models Blog; Great Mental Models Vol 2; Shane Parrish; Shane Parrish Vol 2; hptbydts.com,No,https://en.wikipedia.org/wiki/Replication
Representation,Economics and Art,Art,Art Principle,,Ideas depicted symbolically,Great Mental Models Vol 4; Shane Parrish; Shane Parrish Vol 4,No,https://en.wikipedia.org/wiki/Representation
Representativeness Heuristic,Cognitive Bias,Similarity Matching,Cognitive Bias,,Judging probability by similarity to prototypes rather than base rates,"99 Mental Models; Daniel Kahneman; SuperThinking; Thinking, Fast and Slow",No,https://en.wikipedia.org/wiki/Representativeness_heuristic
Response Bias,"Biases, Fallacies & Effects",Selection & Data Biases,Bias,,,Gabriel Weinberg & Lauren McCann; SuperThinking; SuperThinking (Weinberg/McCann),No,https://en.wikipedia.org/wiki/Response_bias
Rethinking,Cognitive Flexibility,Cognitive Flexibility,Mental Framework,,Open-minded reconsideration of beliefs when confronted with new information,Adam Grant; Adam Grant (Think Again); Think Again,No,https://en.wikipedia.org/wiki/Rethinking
Reverse Engineer,Comprehensive,General,Mental Model,,,80 Useful Mental Models; 80 Useful Mental Models Blog; hptbydts.com,No,https://en.wikipedia.org/wiki/Reverse_engineering
Salespeople,Social Dynamics,Persuaders,Social Model,,,Malcolm Gladwell; The Tipping Point,No,https://en.wikipedia.org/wiki/Salespeople
Sampling,Systems and Mathematics,Mathematics,Statistical Method,,Draw conclusions from portions,Great Mental Models Vol 3; Shane Parrish; Shane Parrish Vol 3,No,https://en.wikipedia.org/wiki/Sampling
Sayre's Law,"Laws, Principles & Razors",Laws,Law,,,Gabriel Weinberg & Lauren McCann; SuperThinking; SuperThinking (Weinberg/McCann),No,https://en.wikipedia.org/wiki/Sayre%27s_law
Scale,Systems and Mathematics,Systems,System Concept,,How systems change with size,Great Mental Models Vol 3; Kevin Espiritu; Mental Models for Business; Shane Parrish; Shane Parrish Vol 3,No,https://en.wikipedia.org/wiki/Scale
Scarcity,Economics and Art,Economics,Economic Principle,,Limited resources drive value,Gabriel Weinberg & Lauren McCann; Great Mental Models Vol 4; Shane Parrish; Shane Parrish Vol 4; SuperThinking; SuperThinking (Weinberg/McCann); Thaler & Sunstein,No,https://en.wikipedia.org/wiki/Scarcity
Scientific Method,Core Thinking,Foundational,Core Model,,,Sloww,No,https://en.wikipedia.org/wiki/Scientific_method
Selection Bias,"Biases, Fallacies & Effects",Selection & Data Biases,Bias,,,Gabriel Weinberg & Lauren McCann; SuperThinking; SuperThinking (Weinberg/McCann),No,https://en.wikipedia.org/wiki/Selection_bias
Self-Confidence,Decision Making & Psychology,Strengths,Strength,,Trusting independent action,Clear Thinking; Shane Parrish; Shane Parrish: Clear Thinking,No,https://en.wikipedia.org/wiki/Self_confidence
Self-Control,Decision Making & Psychology,Strengths,Strength,,Managing emotions prevent impulses,Clear Thinking; Shane Parrish; Shane Parrish: Clear Thinking,No,https://en.wikipedia.org/wiki/Self-Control
Self-Fulfilling Prophecy,Comprehensive,General,Mental Model,,,99 Mental Models; 99 Mental Models Site; 99mentalmodels.com,No,https://en.wikipedia.org/wiki/Self-fulfilling_prophecy
Self-Knowledge,Decision Making & Psychology,Strengths,Strength,,Understanding strengths weaknesses,Clear Thinking; Shane Parrish; Shane Parrish: Clear Thinking,No,https://en.wikipedia.org/wiki/Self-knowledge_(psychology)
Self-Preservation,"Physics, Chemistry, Biology",Biology,Biological Principle,,Innate drive maintain existence,Great Mental Models Vol 2; Shane Parrish; Shane Parrish Vol 2,No,https://en.wikipedia.org/wiki/The_Self-Preservation_Society_(The_Boys_episode)
Self-Serving Bias,"Biases, Fallacies & Effects",Belief & Judgment Biases,Bias,,,Gabriel Weinberg & Lauren McCann; SuperThinking; SuperThinking (Weinberg/McCann),No,https://en.wikipedia.org/wiki/Self-serving_bias
Semmelweis Reflex,"Biases, Fallacies & Effects",Behavioral & Social,Bias/Effect,,,Gabriel Weinberg & Lauren McCann; SuperThinking; SuperThinking (Weinberg/McCann),No,https://en.wikipedia.org/wiki/Semmelweis_reflex
Serendipity,Comprehensive List,General,Mental Model,,,99 Mental Models,No,https://en.wikipedia.org/wiki/Serendipity
Shared Goals,Conflict & Psychology,Social Dynamics,Conflict Framework,,,Amanda Ripley; High Conflict,No,https://en.wikipedia.org/wiki/Shared_false_memory
Simultaneous Invention,Key Concepts,Reasoning & Thinking Models,Reasoning Model,,,Gabriel Weinberg & Lauren McCann; SuperThinking; SuperThinking (Weinberg/McCann),No,https://en.wikipedia.org/wiki/Simultaneous_invention
Six Thinking Hats,Comprehensive List,General,Mental Model,,,80 Useful Mental Models,No,https://en.wikipedia.org/wiki/Six_Thinking_Hats
Slippery Slope Argument,Key Concepts,Reasoning & Thinking Models,Reasoning Model,,,Gabriel Weinberg & Lauren McCann; SuperThinking; SuperThinking (Weinberg/McCann),No,https://en.wikipedia.org/wiki/Slippery_Slope_Argument
Social Proof,"Biases, Fallacies & Effects",Influence Principles,Influence Principle,,,Gabriel Weinberg & Lauren McCann; SuperThinking; SuperThinking (Weinberg/McCann),No,https://en.wikipedia.org/wiki/Social_proof
Spacing Effect,"Biases, Fallacies & Effects",Behavioral & Social,Bias/Effect,,,Gabriel Weinberg & Lauren McCann; SuperThinking; SuperThinking (Weinberg/McCann),No,https://en.wikipedia.org/wiki/Spacing_effect
Spotlight Effect,Comprehensive List,General,Mental Model,,,99 Mental Models,No,https://en.wikipedia.org/wiki/Spotlight_effect
Status Quo Bias,Cognitive Bias,Default Position,Cognitive Bias,,Preference for current state over alternatives; resistance to change,"99 Mental Models; 99 Mental Models Site; 99mentalmodels.com; Behavioral Economics; Daniel Kahneman; SuperThinking; Thinking, Fast and Slow",No,https://en.wikipedia.org/wiki/Status_quo_bias
Streetlight Effect,Comprehensive List,General,Mental Model,,,99 Mental Models,No,https://en.wikipedia.org/wiki/Streetlight_effect
Streisand Effect,"Biases, Fallacies & Effects",Behavioral & Social,Bias/Effect,,,Gabriel Weinberg & Lauren McCann; SuperThinking; SuperThinking (Weinberg/McCann),No,https://en.wikipedia.org/wiki/Streisand_effect
Style,Economics and Art,Art,Art Concept,,Distinctive manner expression,Great Mental Models Vol 4; Shane Parrish; Shane Parrish Vol 4,No,https://en.wikipedia.org/wiki/Style
Sunk-Cost Fallacy,"Biases, Fallacies & Effects",Reasoning Fallacies,Decision Bias,,Continuing action due to past investment rather than future value,99 Mental Models; 99 Mental Models Site; 99mentalmodels.com; Behavioral Economics; Gabriel Weinberg & Lauren McCann; SuperThinking; SuperThinking (Weinberg/McCann),No,https://en.wikipedia.org/wiki/Sunk_cost_fallacy
Supply and Demand,Economics and Art,Economics,Economic Principle,,Market price determined by relationship between supply and demand,Economics; Great Mental Models Vol 4; Shane Parrish; Shane Parrish (TGMM Vol 4); Shane Parrish Vol 4,No,https://en.wikipedia.org/wiki/Supply_and_demand
Supply & Demand,Comprehensive,General,Mental Model,,,80 Useful Mental Models; 80 Useful Mental Models Blog; hptbydts.com,No,https://en.wikipedia.org/wiki/Supply_%26_Demand
Surface Area,Systems and Mathematics,Mathematics,Mathematical Concept,,Points of contact matter,Great Mental Models Vol 3; Shane Parrish; Shane Parrish Vol 3,No,https://en.wikipedia.org/wiki/Surface_Area
Survivorship Bias,"Biases, Fallacies & Effects",Selection & Data Biases,Cognitive Bias,,Focusing on survivors while ignoring failures skews understanding,99 Mental Models; Cognitive Psychology; Gabriel Weinberg & Lauren McCann; History; SuperThinking; SuperThinking (Weinberg/McCann),No,https://en.wikipedia.org/wiki/Survivorship_bias
Symbolism,Economics and Art,Art,Art Concept,,Objects represent concepts,Great Mental Models Vol 4; Shane Parrish; Shane Parrish Vol 4,No,https://en.wikipedia.org/wiki/Symbolism
System 2 (Slow),Cognitive Systems,Deliberate Thinking,Cognitive Model,,,"Daniel Kahneman; Thinking, Fast and Slow",No,https://en.wikipedia.org/wiki/Systems_of_Logic_Based_on_Ordinals
Systems Thinking,Decision Making & Psychology,Key Principles,Framework,,Understand how parts interact to create emergent behaviors in complex wholes,Atul Gawande; Clear Thinking; Gabriel Weinberg & Lauren McCann; Principles; Ray Dalio; Ray Dalio (Principles); Shane Parrish; Shane Parrish (TGMM Vol 3); Shane Parrish: Clear Thinking; SuperThinking; SuperThinking (Weinberg/McCann),No,https://en.wikipedia.org/wiki/Systems_thinking
Texas Sharpshooter Fallacy,"Biases, Fallacies & Effects",Reasoning Fallacies,Fallacy,,,Gabriel Weinberg & Lauren McCann; SuperThinking; SuperThinking (Weinberg/McCann),No,https://en.wikipedia.org/wiki/Texas_sharpshooter_fallacy
The 5 Whys,Comprehensive List,General,Mental Model,,,99 Mental Models,No,https://en.wikipedia.org/wiki/The_5_Whys
The Checklist,Process,Complexity Management,Process Framework,,,Atul Gawande; The Checklist Manifesto,No,https://en.wikipedia.org/wiki/The_Checklist
The Curse of Knowledge,Comprehensive List,General,Mental Model,,,80 Useful Mental Models,No,https://en.wikipedia.org/wiki/The_curse_of_knowledge
The Golden Mean,Comprehensive List,General,Mental Model,,,80 Useful Mental Models,No,https://en.wikipedia.org/wiki/The_Golden_Mean
The Golden Rule,Comprehensive List,General,Mental Model,,,80 Useful Mental Models,No,https://en.wikipedia.org/wiki/The_Golden_Rule
The Law of Diminishing Returns,Systems and Mathematics,Mathematics,Mathematical Principle,,,Great Mental Models Vol 3; Shane Parrish; Shane Parrish Vol 3,No,https://en.wikipedia.org/wiki/The_law_of_diminishing_returns
The Law of Non-Contradiction,Comprehensive List,General,Mental Model,,,80 Useful Mental Models,No,https://en.wikipedia.org/wiki/The_Law_of_Non-Contradiction
The Map is not the Territory,General Thinking Concepts,Fundamental Frameworks,Framework,,Our mental representations of reality are not reality itself; the map differs from the territory,Great Mental Models Vol 1; Great Mental Models Vol 1-4; Shane Parrish; Shane Parrish (TGMM Vol 1); Shane Parrish Vol 1; SuperThinking; SuperThinking (Weinberg & McCann),No,https://en.wikipedia.org/wiki/The_map_is_not_the_territory
Theory of Constraints,Comprehensive List,General,Mental Model,,,99 Mental Models,No,https://en.wikipedia.org/wiki/Theory_of_constraints
The Peter Principle,Comprehensive List,General,Mental Model,,,99 Mental Models,No,https://en.wikipedia.org/wiki/The_Peter_Principle
The Placebo Effect,Comprehensive List,General,Mental Model,,,80 Useful Mental Models,No,https://en.wikipedia.org/wiki/The_Placebo_Effect
The Platinum Rule,Comprehensive List,General,Mental Model,,,80 Useful Mental Models,No,https://en.wikipedia.org/wiki/The_Platinum_Rule
Thermodynamics,"Physics, Chemistry, Biology",Physics,Physics Principle,,Energy conservation and entropy principles apply to many systems,99 Mental Models; Great Mental Models Vol 2; Shane Parrish; Shane Parrish (TGMM Vol 2); Shane Parrish Vol 2,No,https://en.wikipedia.org/wiki/Thermodynamics
The Socratic Method,Comprehensive List,General,Mental Model,,,80 Useful Mental Models,No,https://en.wikipedia.org/wiki/The_Socratic_Method
Thinking Gray,Key Concepts,Foundational Thinking,Framework,,,Gabriel Weinberg & Lauren McCann; SuperThinking; SuperThinking (Weinberg/McCann),No,https://en.wikipedia.org/wiki/Thinking_Rabbit
Thin-Slicing,Unconscious Cognition,Rapid Cognition,Cognitive Framework,,Make accurate judgments from minimal information using trained intuition,Blink; Malcolm Gladwell; Malcolm Gladwell (Blink),No,https://en.wikipedia.org/wiki/Thin-slicing
Thought Experiment,General Thinking Concepts,Fundamental Frameworks,Method,,Mental simulation to test ideas,Great Mental Models Vol 1; Shane Parrish; Shane Parrish Vol 1,No,https://en.wikipedia.org/wiki/Thought_experiment
Tilt,Business & Entrepreneurship,Business Models,Business Model,,,Kevin Espiritu; Mental Models for Business,No,https://en.wikipedia.org/wiki/Tilt
Tiny Habits,Habit Formation,Habit Formation,Behavioral Framework,,Start with micro-behaviors and anchor to existing routines for success,BJ Fogg; BJ Fogg (Tiny Habits); Tiny Habits,No,https://en.wikipedia.org/wiki/Tiny_Habits
Tipping Point,Key Concepts,System & Natural Dynamics,Social Model,,"The moment when an idea, behavior, or product crosses threshold and spreads",99 Mental Models; Gabriel Weinberg & Lauren McCann; Malcolm Gladwell; Malcolm Gladwell (The Tipping Point); SuperThinking; SuperThinking (Weinberg/McCann); The Tipping Point,No,https://en.wikipedia.org/wiki/Tipping_Point
Trade-Offs,Comprehensive,General,Mental Model,,,80 Useful Mental Models; 80 Useful Mental Models Blog; hptbydts.com,No,https://en.wikipedia.org/wiki/Trade-off
Tragedy of the Commons,Key Concepts,Foundational Thinking,Economic Model,,Individual incentives lead to collective overuse of shared resources,99 Mental Models; Economics; Gabriel Weinberg & Lauren McCann; Garrett Hardin; SuperThinking; SuperThinking (Weinberg/McCann),No,https://en.wikipedia.org/wiki/Tragedy_of_the_commons
Tyranny of Small Decisions,Key Concepts,Foundational Thinking,Framework,,,Gabriel Weinberg & Lauren McCann; SuperThinking; SuperThinking (Weinberg/McCann),No,https://en.wikipedia.org/wiki/Tyranny_of_small_decisions
Unlearning,Learning & Change,Mental Updating,Learning Framework,,Actively question and update outdated beliefs based on new evidence,Adam Grant; Adam Grant (Think Again); Think Again,No,https://en.wikipedia.org/wiki/Unlearning
Veil of Ignorance,Key Concepts,Foundational Thinking,Framework,,,Gabriel Weinberg & Lauren McCann; SuperThinking; SuperThinking (Weinberg/McCann),No,https://en.wikipedia.org/wiki/Veil_of_Ignorance
Velocity,"Physics, Chemistry, Biology",Physics,Physics Principle,,Speed with direction,Great Mental Models Vol 2; Shane Parrish; Shane Parrish Vol 2,No,https://en.wikipedia.org/wiki/Velocity
Venn Diagram,Comprehensive List,General,Mental Model,,,80 Useful Mental Models,No,https://en.wikipedia.org/wiki/Venn_diagram
Via Negativa,Additional Frameworks,Problem Solving,Method,,,Cross-Source,No,https://en.wikipedia.org/wiki/Via_Negativa
Win-Win,Comprehensive List,General,Mental Model,,,80 Useful Mental Models,No,https://en.wikipedia.org/wiki/Win_Win_(film)
Zeigarnik Effect,Comprehensive List,General,Mental Model,,,99 Mental Models,No,https://en.wikipedia.org/wiki/Zeigarnik_effect
